{
  "Animals": [
    {
      "Word": "meerkat",
      "ImageUrl": "https://www.randomlists.com/img/animals/meerkat.jpg"
    },
    {
      "ImageUrl": "https://www.randomlists.com/img/animals/aardvark.jpg",
      "Word": "aardvark"
    },
    {
      "Word": "addax",
      "ImageUrl": "https://www.randomlists.com/img/animals/addax.jpg"
    },
    {
      "Word": "alligator",
      "ImageUrl": "https://www.randomlists.com/img/animals/alligator.jpg"
    },
    {
      "Word": "alpaca",
      "ImageUrl": "https://www.randomlists.com/img/animals/alpaca.jpg"
    },
    {
      "Word": "anteater",
      "ImageUrl": "https://www.randomlists.com/img/animals/anteater.jpg"
    },
    {
      "Word": "antelope",
      "ImageUrl": "https://www.randomlists.com/img/animals/antelope.jpg"
    },
    {
      "Word": "aoudad",
      "ImageUrl": "https://www.randomlists.com/img/animals/aoudad.jpg"
    },
    {
      "Word": "ape",
      "ImageUrl": "https://www.randomlists.com/img/animals/ape.jpg"
    },
    {
      "Word": "argali",
      "ImageUrl": "https://www.randomlists.com/img/animals/argali.jpg"
    },
    {
      "Word": "armadillo",
      "ImageUrl": "https://www.randomlists.com/img/animals/armadillo.jpg"
    },
    {
      "Word": "baboon",
      "ImageUrl": "https://www.randomlists.com/img/animals/baboon.jpg"
    },
    {
      "Word": "badger",
      "ImageUrl": "https://www.randomlists.com/img/animals/badger.jpg"
    },
    {
      "Word": "basilisk",
      "ImageUrl": "https://www.randomlists.com/img/animals/basilisk.jpg"
    },
    {
      "Word": "bat",
      "ImageUrl": "https://www.randomlists.com/img/animals/bat.jpg"
    },
    {
      "Word": "bear",
      "ImageUrl": "https://www.randomlists.com/img/animals/bear.jpg"
    },
    {
      "Word": "beaver",
      "ImageUrl": "https://www.randomlists.com/img/animals/beaver.jpg"
    },
    {
      "Word": "bighorn",
      "ImageUrl": "https://www.randomlists.com/img/animals/bighorn.jpg"
    },
    {
      "Word": "bison",
      "ImageUrl": "https://www.randomlists.com/img/animals/bison.jpg"
    },
    {
      "Word": "boar",
      "ImageUrl": "https://www.randomlists.com/img/animals/boar.jpg"
    },
    {
      "Word": "budgerigar",
      "ImageUrl": "https://www.randomlists.com/img/animals/budgerigar.jpg"
    },
    {
      "Word": "buffalo",
      "ImageUrl": "https://www.randomlists.com/img/animals/buffalo.jpg"
    },
    {
      "Word": "bull",
      "ImageUrl": "https://www.randomlists.com/img/animals/bull.jpg"
    },
    {
      "Word": "bunny",
      "ImageUrl": "https://www.randomlists.com/img/animals/bunny.jpg"
    },
    {
      "Word": "burro",
      "ImageUrl": "https://www.randomlists.com/img/animals/burro.jpg"
    },
    {
      "Word": "camel",
      "ImageUrl": "https://www.randomlists.com/img/animals/camel.jpg"
    },
    {
      "Word": "canary",
      "ImageUrl": "https://www.randomlists.com/img/animals/canary.jpg"
    },
    {
      "Word": "capybara",
      "ImageUrl": "https://www.randomlists.com/img/animals/capybara.jpg"
    },
    {
      "Word": "cat",
      "ImageUrl": "https://www.randomlists.com/img/animals/cat.jpg"
    },
    {
      "Word": "chameleon",
      "ImageUrl": "https://www.randomlists.com/img/animals/chameleon.jpg"
    },
    {
      "Word": "chamois",
      "ImageUrl": "https://www.randomlists.com/img/animals/chamois.jpg"
    },
    {
      "Word": "cheetah",
      "ImageUrl": "https://www.randomlists.com/img/animals/cheetah.jpg"
    },
    {
      "Word": "chimpanzee",
      "ImageUrl": "https://www.randomlists.com/img/animals/chimpanzee.jpg"
    },
    {
      "Word": "chinchilla",
      "ImageUrl": "https://www.randomlists.com/img/animals/chinchilla.jpg"
    },
    {
      "Word": "chipmunk",
      "ImageUrl": "https://www.randomlists.com/img/animals/chipmunk.jpg"
    },
    {
      "Word": "civet",
      "ImageUrl": "https://www.randomlists.com/img/animals/civet.jpg"
    },
    {
      "Word": "coati",
      "ImageUrl": "https://www.randomlists.com/img/animals/coati.jpg"
    },
    {
      "Word": "colt",
      "ImageUrl": "https://www.randomlists.com/img/animals/colt.jpg"
    },
    {
      "Word": "cougar",
      "ImageUrl": "https://www.randomlists.com/img/animals/cougar.jpg"
    },
    {
      "Word": "cow",
      "ImageUrl": "https://www.randomlists.com/img/animals/cow.jpg"
    },
    {
      "Word": "coyote",
      "ImageUrl": "https://www.randomlists.com/img/animals/coyote.jpg"
    },
    {
      "Word": "crocodile",
      "ImageUrl": "https://www.randomlists.com/img/animals/crocodile.jpg"
    },
    {
      "Word": "crow",
      "ImageUrl": "https://www.randomlists.com/img/animals/crow.jpg"
    },
    {
      "Word": "deer",
      "ImageUrl": "https://www.randomlists.com/img/animals/deer.jpg"
    },
    {
      "Word": "dingo",
      "ImageUrl": "https://www.randomlists.com/img/animals/dingo.jpg"
    },
    {
      "Word": "doe",
      "ImageUrl": "https://www.randomlists.com/img/animals/doe.jpg"
    },
    {
      "Word": "dung beetle",
      "ImageUrl": "https://www.randomlists.com/img/animals/dung_beetle.jpg"
    },
    {
      "Word": "dog",
      "ImageUrl": "https://www.randomlists.com/img/animals/dog.jpg"
    },
    {
      "Word": "donkey",
      "ImageUrl": "https://www.randomlists.com/img/animals/donkey.jpg"
    },
    {
      "Word": "dormouse",
      "ImageUrl": "https://www.randomlists.com/img/animals/dormouse.jpg"
    },
    {
      "Word": "dromedary",
      "ImageUrl": "https://www.randomlists.com/img/animals/dromedary.jpg"
    },
    {
      "Word": "duckbill platypus",
      "ImageUrl": "https://www.randomlists.com/img/animals/duckbill_platypus.jpg"
    },
    {
      "Word": "dugong",
      "ImageUrl": "https://www.randomlists.com/img/animals/dugong.jpg"
    },
    {
      "Word": "eland",
      "ImageUrl": "https://www.randomlists.com/img/animals/eland.jpg"
    },
    {
      "Word": "elephant",
      "ImageUrl": "https://www.randomlists.com/img/animals/elephant.jpg"
    },
    {
      "Word": "elk",
      "ImageUrl": "https://www.randomlists.com/img/animals/elk.jpg"
    },
    {
      "Word": "ermine",
      "ImageUrl": "https://www.randomlists.com/img/animals/ermine.jpg"
    },
    {
      "Word": "ewe",
      "ImageUrl": "https://www.randomlists.com/img/animals/ewe.jpg"
    },
    {
      "Word": "fawn",
      "ImageUrl": "https://www.randomlists.com/img/animals/fawn.jpg"
    },
    {
      "Word": "ferret",
      "ImageUrl": "https://www.randomlists.com/img/animals/ferret.jpg"
    },
    {
      "Word": "finch",
      "ImageUrl": "https://www.randomlists.com/img/animals/finch.jpg"
    },
    {
      "Word": "fish",
      "ImageUrl": "https://www.randomlists.com/img/animals/fish.jpg"
    },
    {
      "Word": "fox",
      "ImageUrl": "https://www.randomlists.com/img/animals/fox.jpg"
    },
    {
      "Word": "frog",
      "ImageUrl": "https://www.randomlists.com/img/animals/frog.jpg"
    },
    {
      "Word": "gazelle",
      "ImageUrl": "https://www.randomlists.com/img/animals/gazelle.jpg"
    },
    {
      "Word": "gemsbok",
      "ImageUrl": "https://www.randomlists.com/img/animals/gemsbok.jpg"
    },
    {
      "Word": "gila monster",
      "ImageUrl": "https://www.randomlists.com/img/animals/gila_monster.jpg"
    },
    {
      "Word": "giraffe",
      "ImageUrl": "https://www.randomlists.com/img/animals/giraffe.jpg"
    },
    {
      "Word": "gnu",
      "ImageUrl": "https://www.randomlists.com/img/animals/gnu.jpg"
    },
    {
      "Word": "goat",
      "ImageUrl": "https://www.randomlists.com/img/animals/goat.jpg"
    },
    {
      "Word": "gopher",
      "ImageUrl": "https://www.randomlists.com/img/animals/gopher.jpg"
    },
    {
      "Word": "gorilla",
      "ImageUrl": "https://www.randomlists.com/img/animals/gorilla.jpg"
    },
    {
      "Word": "grizzly bear",
      "ImageUrl": "https://www.randomlists.com/img/animals/grizzly_bear.jpg"
    },
    {
      "Word": "ground hog",
      "ImageUrl": "https://www.randomlists.com/img/animals/ground_hog.jpg"
    },
    {
      "Word": "guanaco",
      "ImageUrl": "https://www.randomlists.com/img/animals/guanaco.jpg"
    },
    {
      "Word": "guinea pig",
      "ImageUrl": "https://www.randomlists.com/img/animals/guinea_pig.jpg"
    },
    {
      "Word": "hamster",
      "ImageUrl": "https://www.randomlists.com/img/animals/hamster.jpg"
    },
    {
      "Word": "hare",
      "ImageUrl": "https://www.randomlists.com/img/animals/hare.jpg"
    },
    {
      "Word": "hartebeest",
      "ImageUrl": "https://www.randomlists.com/img/animals/hartebeest.jpg"
    },
    {
      "Word": "hedgehog",
      "ImageUrl": "https://www.randomlists.com/img/animals/hedgehog.jpg"
    },
    {
      "Word": "hippopotamus",
      "ImageUrl": "https://www.randomlists.com/img/animals/hippopotamus.jpg"
    },
    {
      "Word": "hog",
      "ImageUrl": "https://www.randomlists.com/img/animals/hog.jpg"
    },
    {
      "Word": "horse",
      "ImageUrl": "https://www.randomlists.com/img/animals/horse.jpg"
    },
    {
      "Word": "hyena",
      "ImageUrl": "https://www.randomlists.com/img/animals/hyena.jpg"
    },
    {
      "Word": "ibex",
      "ImageUrl": "https://www.randomlists.com/img/animals/ibex.jpg"
    },
    {
      "Word": "iguana",
      "ImageUrl": "https://www.randomlists.com/img/animals/iguana.jpg"
    },
    {
      "Word": "impala",
      "ImageUrl": "https://www.randomlists.com/img/animals/impala.jpg"
    },
    {
      "Word": "jackal",
      "ImageUrl": "https://www.randomlists.com/img/animals/jackal.jpg"
    },
    {
      "Word": "jaguar",
      "ImageUrl": "https://www.randomlists.com/img/animals/jaguar.jpg"
    },
    {
      "Word": "jerboa",
      "ImageUrl": "https://www.randomlists.com/img/animals/jerboa.jpg"
    },
    {
      "Word": "kangaroo",
      "ImageUrl": "https://www.randomlists.com/img/animals/kangaroo.jpg"
    },
    {
      "Word": "kitten",
      "ImageUrl": "https://www.randomlists.com/img/animals/kitten.jpg"
    },
    {
      "Word": "koala",
      "ImageUrl": "https://www.randomlists.com/img/animals/koala.jpg"
    },
    {
      "Word": "lamb",
      "ImageUrl": "https://www.randomlists.com/img/animals/lamb.jpg"
    },
    {
      "Word": "lemur",
      "ImageUrl": "https://www.randomlists.com/img/animals/lemur.jpg"
    },
    {
      "Word": "leopard",
      "ImageUrl": "https://www.randomlists.com/img/animals/leopard.jpg"
    },
    {
      "Word": "lion",
      "ImageUrl": "https://www.randomlists.com/img/animals/lion.jpg"
    },
    {
      "Word": "lizard",
      "ImageUrl": "https://www.randomlists.com/img/animals/lizard.jpg"
    },
    {
      "Word": "llama",
      "ImageUrl": "https://www.randomlists.com/img/animals/llama.jpg"
    },
    {
      "Word": "lovebird",
      "ImageUrl": "https://www.randomlists.com/img/animals/lovebird.jpg"
    },
    {
      "Word": "lynx",
      "ImageUrl": "https://www.randomlists.com/img/animals/lynx.jpg"
    },
    {
      "Word": "mandrill",
      "ImageUrl": "https://www.randomlists.com/img/animals/mandrill.jpg"
    },
    {
      "Word": "mare",
      "ImageUrl": "https://www.randomlists.com/img/animals/mare.jpg"
    },
    {
      "Word": "marmoset",
      "ImageUrl": "https://www.randomlists.com/img/animals/marmoset.jpg"
    },
    {
      "Word": "marten",
      "ImageUrl": "https://www.randomlists.com/img/animals/marten.jpg"
    },
    {
      "Word": "mink",
      "ImageUrl": "https://www.randomlists.com/img/animals/mink.jpg"
    },
    {
      "Word": "mole",
      "ImageUrl": "https://www.randomlists.com/img/animals/mole.jpg"
    },
    {
      "Word": "mongoose",
      "ImageUrl": "https://www.randomlists.com/img/animals/mongoose.jpg"
    },
    {
      "Word": "monkey",
      "ImageUrl": "https://www.randomlists.com/img/animals/monkey.jpg"
    },
    {
      "Word": "moose",
      "ImageUrl": "https://www.randomlists.com/img/animals/moose.jpg"
    },
    {
      "Word": "mountain goat",
      "ImageUrl": "https://www.randomlists.com/img/animals/mountain_goat.jpg"
    },
    {
      "Word": "mouse",
      "ImageUrl": "https://www.randomlists.com/img/animals/mouse.jpg"
    },
    {
      "Word": "mule",
      "ImageUrl": "https://www.randomlists.com/img/animals/mule.jpg"
    },
    {
      "Word": "musk deer",
      "ImageUrl": "https://www.randomlists.com/img/animals/musk_deer.jpg"
    },
    {
      "Word": "musk-ox",
      "ImageUrl": "https://www.randomlists.com/img/animals/musk-ox.jpg"
    },
    {
      "Word": "muskrat",
      "ImageUrl": "https://www.randomlists.com/img/animals/muskrat.jpg"
    },
    {
      "Word": "mustang",
      "ImageUrl": "https://www.randomlists.com/img/animals/mustang.jpg"
    },
    {
      "Word": "mynah bird",
      "ImageUrl": "https://www.randomlists.com/img/animals/mynah_bird.jpg"
    },
    {
      "Word": "newt",
      "ImageUrl": "https://www.randomlists.com/img/animals/newt.jpg"
    },
    {
      "Word": "ocelot",
      "ImageUrl": "https://www.randomlists.com/img/animals/ocelot.jpg"
    },
    {
      "Word": "okapi",
      "ImageUrl": "https://www.randomlists.com/img/animals/okapi.jpg"
    },
    {
      "Word": "opossum",
      "ImageUrl": "https://www.randomlists.com/img/animals/opossum.jpg"
    },
    {
      "Word": "orangutan",
      "ImageUrl": "https://www.randomlists.com/img/animals/orangutan.jpg"
    },
    {
      "Word": "oryx",
      "ImageUrl": "https://www.randomlists.com/img/animals/oryx.jpg"
    },
    {
      "Word": "otter",
      "ImageUrl": "https://www.randomlists.com/img/animals/otter.jpg"
    },
    {
      "Word": "ox",
      "ImageUrl": "https://www.randomlists.com/img/animals/ox.jpg"
    },
    {
      "Word": "panda",
      "ImageUrl": "https://www.randomlists.com/img/animals/panda.jpg"
    },
    {
      "Word": "panther",
      "ImageUrl": "https://www.randomlists.com/img/animals/panther.jpg"
    },
    {
      "Word": "parakeet",
      "ImageUrl": "https://www.randomlists.com/img/animals/parakeet.jpg"
    },
    {
      "Word": "parrot",
      "ImageUrl": "https://www.randomlists.com/img/animals/parrot.jpg"
    },
    {
      "Word": "peccary",
      "ImageUrl": "https://www.randomlists.com/img/animals/peccary.jpg"
    },
    {
      "Word": "pig",
      "ImageUrl": "https://www.randomlists.com/img/animals/pig.jpg"
    },
    {
      "Word": "octopus",
      "ImageUrl": "https://www.randomlists.com/img/animals/octopus.jpg"
    },
    {
      "Word": "thorny devil",
      "ImageUrl": "https://www.randomlists.com/img/animals/thorny_devil.jpg"
    },
    {
      "Word": "starfish",
      "ImageUrl": "https://www.randomlists.com/img/animals/starfish.jpg"
    },
    {
      "Word": "blue crab",
      "ImageUrl": "https://www.randomlists.com/img/animals/blue_crab.jpg"
    },
    {
      "Word": "snowy owl",
      "ImageUrl": "https://www.randomlists.com/img/animals/snowy_owl.jpg"
    },
    {
      "Word": "chicken",
      "ImageUrl": "https://www.randomlists.com/img/animals/chicken.jpg"
    },
    {
      "Word": "rooster",
      "ImageUrl": "https://www.randomlists.com/img/animals/rooster.jpg"
    },
    {
      "Word": "bumble bee",
      "ImageUrl": "https://www.randomlists.com/img/animals/bumble_bee.jpg"
    },
    {
      "Word": "eagle owl",
      "ImageUrl": "https://www.randomlists.com/img/animals/eagle_owl.jpg"
    },
    {
      "Word": "polar bear",
      "ImageUrl": "https://www.randomlists.com/img/animals/polar_bear.jpg"
    },
    {
      "Word": "pony",
      "ImageUrl": "https://www.randomlists.com/img/animals/pony.jpg"
    },
    {
      "Word": "porcupine",
      "ImageUrl": "https://www.randomlists.com/img/animals/porcupine.jpg"
    },
    {
      "Word": "porpoise",
      "ImageUrl": "https://www.randomlists.com/img/animals/porpoise.jpg"
    },
    {
      "Word": "prairie dog",
      "ImageUrl": "https://www.randomlists.com/img/animals/prairie_dog.jpg"
    },
    {
      "Word": "pronghorn",
      "ImageUrl": "https://www.randomlists.com/img/animals/pronghorn.jpg"
    },
    {
      "Word": "puma",
      "ImageUrl": "https://www.randomlists.com/img/animals/puma.jpg"
    },
    {
      "Word": "puppy",
      "ImageUrl": "https://www.randomlists.com/img/animals/puppy.jpg"
    },
    {
      "Word": "quagga",
      "ImageUrl": "https://www.randomlists.com/img/animals/quagga.jpg"
    },
    {
      "Word": "rabbit",
      "ImageUrl": "https://www.randomlists.com/img/animals/rabbit.jpg"
    },
    {
      "Word": "raccoon",
      "ImageUrl": "https://www.randomlists.com/img/animals/raccoon.jpg"
    },
    {
      "Word": "ram",
      "ImageUrl": "https://www.randomlists.com/img/animals/ram.jpg"
    },
    {
      "Word": "rat",
      "ImageUrl": "https://www.randomlists.com/img/animals/rat.jpg"
    },
    {
      "Word": "reindeer",
      "ImageUrl": "https://www.randomlists.com/img/animals/reindeer.jpg"
    },
    {
      "Word": "rhinoceros",
      "ImageUrl": "https://www.randomlists.com/img/animals/rhinoceros.jpg"
    },
    {
      "Word": "salamander",
      "ImageUrl": "https://www.randomlists.com/img/animals/salamander.jpg"
    },
    {
      "Word": "seal",
      "ImageUrl": "https://www.randomlists.com/img/animals/seal.jpg"
    },
    {
      "Word": "sheep",
      "ImageUrl": "https://www.randomlists.com/img/animals/sheep.jpg"
    },
    {
      "Word": "shrew",
      "ImageUrl": "https://www.randomlists.com/img/animals/shrew.jpg"
    },
    {
      "Word": "silver fox",
      "ImageUrl": "https://www.randomlists.com/img/animals/silver_fox.jpg"
    },
    {
      "Word": "skunk",
      "ImageUrl": "https://www.randomlists.com/img/animals/skunk.jpg"
    },
    {
      "Word": "sloth",
      "ImageUrl": "https://www.randomlists.com/img/animals/sloth.jpg"
    },
    {
      "Word": "snake",
      "ImageUrl": "https://www.randomlists.com/img/animals/snake.jpg"
    },
    {
      "Word": "springbok",
      "ImageUrl": "https://www.randomlists.com/img/animals/springbok.jpg"
    },
    {
      "Word": "squirrel",
      "ImageUrl": "https://www.randomlists.com/img/animals/squirrel.jpg"
    },
    {
      "Word": "stallion",
      "ImageUrl": "https://www.randomlists.com/img/animals/stallion.jpg"
    },
    {
      "Word": "steer",
      "ImageUrl": "https://www.randomlists.com/img/animals/steer.jpg"
    },
    {
      "Word": "tapir",
      "ImageUrl": "https://www.randomlists.com/img/animals/tapir.jpg"
    },
    {
      "Word": "tiger",
      "ImageUrl": "https://www.randomlists.com/img/animals/tiger.jpg"
    },
    {
      "Word": "toad",
      "ImageUrl": "https://www.randomlists.com/img/animals/toad.jpg"
    },
    {
      "Word": "turtle",
      "ImageUrl": "https://www.randomlists.com/img/animals/turtle.jpg"
    },
    {
      "Word": "vicuna",
      "ImageUrl": "https://www.randomlists.com/img/animals/vicuna.jpg"
    },
    {
      "Word": "walrus",
      "ImageUrl": "https://www.randomlists.com/img/animals/walrus.jpg"
    },
    {
      "Word": "warthog",
      "ImageUrl": "https://www.randomlists.com/img/animals/warthog.jpg"
    },
    {
      "Word": "waterbuck",
      "ImageUrl": "https://www.randomlists.com/img/animals/waterbuck.jpg"
    },
    {
      "Word": "weasel",
      "ImageUrl": "https://www.randomlists.com/img/animals/weasel.jpg"
    },
    {
      "Word": "whale",
      "ImageUrl": "https://www.randomlists.com/img/animals/whale.jpg"
    },
    {
      "Word": "wildcat",
      "ImageUrl": "https://www.randomlists.com/img/animals/wildcat.jpg"
    },
    {
      "Word": "bald eagle",
      "ImageUrl": "https://www.randomlists.com/img/animals/bald_eagle.jpg"
    },
    {
      "Word": "wolf",
      "ImageUrl": "https://www.randomlists.com/img/animals/wolf.jpg"
    },
    {
      "Word": "wolverine",
      "ImageUrl": "https://www.randomlists.com/img/animals/wolverine.jpg"
    },
    {
      "Word": "wombat",
      "ImageUrl": "https://www.randomlists.com/img/animals/wombat.jpg"
    },
    {
      "Word": "woodchuck",
      "ImageUrl": "https://www.randomlists.com/img/animals/woodchuck.jpg"
    },
    {
      "Word": "yak",
      "ImageUrl": "https://www.randomlists.com/img/animals/yak.jpg"
    },
    {
      "Word": "zebra",
      "ImageUrl": "https://www.randomlists.com/img/animals/zebra.jpg"
    },
    {
      "Word": "zebu",
      "ImageUrl": "https://www.randomlists.com/img/animals/zebu.jpg"
    }
  ],
  "Countries": [
    {
      "Word": "Afghanistan",
      "ImageUrl": "https://www.randomlists.com/img/national-flags/afghanistan.gif"
    },
    {
      "Word": "Albania",
      "ImageUrl": "https://www.randomlists.com/img/national-flags/albania.gif"
    },
    {
      "Word": "Algeria",
      "ImageUrl": "https://www.randomlists.com/img/national-flags/algeria.gif"
    },
    {
      "Word": "Andorra",
      "ImageUrl": "https://www.randomlists.com/img/national-flags/andorra.gif"
    },
    {
      "Word": "Angola",
      "ImageUrl": "https://www.randomlists.com/img/national-flags/angola.gif"
    },
    {
      "Word": "Antigua and Barbuda",
      "ImageUrl": "https://www.randomlists.com/img/national-flags/antigua-and-barbuda.gif"
    },
    {
      "Word": "Argentina",
      "ImageUrl": "https://www.randomlists.com/img/national-flags/argentina.gif"
    },
    {
      "Word": "Armenia",
      "ImageUrl": "https://www.randomlists.com/img/national-flags/armenia.gif"
    },
    {
      "Word": "Australia",
      "ImageUrl": "https://www.randomlists.com/img/national-flags/australia.gif"
    },
    {
      "Word": "Austria",
      "ImageUrl": "https://www.randomlists.com/img/national-flags/austria.gif"
    },
    {
      "Word": "Azerbaijan",
      "ImageUrl": "https://www.randomlists.com/img/national-flags/azerbaijan.gif"
    },
    {
      "Word": "Bahamas",
      "ImageUrl": "https://www.randomlists.com/img/national-flags/bahamas.gif"
    },
    {
      "Word": "Bahrain",
      "ImageUrl": "https://www.randomlists.com/img/national-flags/bahrain.gif"
    },
    {
      "Word": "Bangladesh",
      "ImageUrl": "https://www.randomlists.com/img/national-flags/bangladesh.gif"
    },
    {
      "Word": "Barbados",
      "ImageUrl": "https://www.randomlists.com/img/national-flags/barbados.gif"
    },
    {
      "Word": "Belarus",
      "ImageUrl": "https://www.randomlists.com/img/national-flags/belarus.gif"
    },
    {
      "Word": "Belgium",
      "ImageUrl": "https://www.randomlists.com/img/national-flags/belgium.gif"
    },
    {
      "Word": "Belize",
      "ImageUrl": "https://www.randomlists.com/img/national-flags/belize.gif"
    },
    {
      "Word": "Benin",
      "ImageUrl": "https://www.randomlists.com/img/national-flags/benin.gif"
    },
    {
      "Word": "Bhutan",
      "ImageUrl": "https://www.randomlists.com/img/national-flags/bhutan.gif"
    },
    {
      "Word": "Bolivia",
      "ImageUrl": "https://www.randomlists.com/img/national-flags/bolivia.gif"
    },
    {
      "Word": "Bosnia and Herzegovina",
      "ImageUrl": "https://www.randomlists.com/img/national-flags/bosnia-and-herzegovina.gif"
    },
    {
      "Word": "Botswana",
      "ImageUrl": "https://www.randomlists.com/img/national-flags/botswana.gif"
    },
    {
      "Word": "Brazil",
      "ImageUrl": "https://www.randomlists.com/img/national-flags/brazil.gif"
    },
    {
      "Word": "Brunei",
      "ImageUrl": "https://www.randomlists.com/img/national-flags/brunei.gif"
    },
    {
      "Word": "Bulgaria",
      "ImageUrl": "https://www.randomlists.com/img/national-flags/bulgaria.gif"
    },
    {
      "Word": "Burkina Faso",
      "ImageUrl": "https://www.randomlists.com/img/national-flags/burkina-faso.gif"
    },
    {
      "Word": "Burma",
      "ImageUrl": "https://www.randomlists.com/img/national-flags/burma.gif"
    },
    {
      "Word": "Burundi",
      "ImageUrl": "https://www.randomlists.com/img/national-flags/burundi.gif"
    },
    {
      "Word": "Cambodia",
      "ImageUrl": "https://www.randomlists.com/img/national-flags/cambodia.gif"
    },
    {
      "Word": "Cameroon",
      "ImageUrl": "https://www.randomlists.com/img/national-flags/cameroon.gif"
    },
    {
      "Word": "Canada",
      "ImageUrl": "https://www.randomlists.com/img/national-flags/canada.gif"
    },
    {
      "Word": "Cape Verde",
      "ImageUrl": "https://www.randomlists.com/img/national-flags/cape-verde.gif"
    },
    {
      "Word": "Central African Republic",
      "ImageUrl": "https://www.randomlists.com/img/national-flags/central-african-republic.gif"
    },
    {
      "Word": "Chad",
      "ImageUrl": "https://www.randomlists.com/img/national-flags/chad.gif"
    },
    {
      "Word": "Chile",
      "ImageUrl": "https://www.randomlists.com/img/national-flags/chile.gif"
    },
    {
      "Word": "China",
      "ImageUrl": "https://www.randomlists.com/img/national-flags/china.gif"
    },
    {
      "Word": "Colombia",
      "ImageUrl": "https://www.randomlists.com/img/national-flags/colombia.gif"
    },
    {
      "Word": "Comoros",
      "ImageUrl": "https://www.randomlists.com/img/national-flags/comoros.gif"
    },
    {
      "Word": "Congo",
      "ImageUrl": "https://www.randomlists.com/img/national-flags/congo.gif"
    },
    {
      "Word": "Costa Rica",
      "ImageUrl": "https://www.randomlists.com/img/national-flags/costa-rica.gif"
    },
    {
      "Word": "Croatia",
      "ImageUrl": "https://www.randomlists.com/img/national-flags/croatia.gif"
    },
    {
      "Word": "Cuba",
      "ImageUrl": "https://www.randomlists.com/img/national-flags/cuba.gif"
    },
    {
      "Word": "Cyprus",
      "ImageUrl": "https://www.randomlists.com/img/national-flags/cyprus.gif"
    },
    {
      "Word": "Czech Republic",
      "ImageUrl": "https://www.randomlists.com/img/national-flags/czech-republic.gif"
    },
    {
      "Word": "Denmark",
      "ImageUrl": "https://www.randomlists.com/img/national-flags/denmark.gif"
    },
    {
      "Word": "Djibouti",
      "ImageUrl": "https://www.randomlists.com/img/national-flags/djibouti.gif"
    },
    {
      "Word": "Dominica",
      "ImageUrl": "https://www.randomlists.com/img/national-flags/dominica.gif"
    },
    {
      "Word": "Dominican Republic",
      "ImageUrl": "https://www.randomlists.com/img/national-flags/dominican-republic.gif"
    },
    {
      "Word": "East Timor",
      "ImageUrl": "https://www.randomlists.com/img/national-flags/east-timor.gif"
    },
    {
      "Word": "Ecuador",
      "ImageUrl": "https://www.randomlists.com/img/national-flags/ecuador.gif"
    },
    {
      "Word": "Egypt",
      "ImageUrl": "https://www.randomlists.com/img/national-flags/egypt.gif"
    },
    {
      "Word": "El Salvador",
      "ImageUrl": "https://www.randomlists.com/img/national-flags/el-salvador.gif"
    },
    {
      "Word": "England",
      "ImageUrl": "https://www.randomlists.com/img/national-flags/england.gif"
    },
    {
      "Word": "Equatorial Guinea",
      "ImageUrl": "https://www.randomlists.com/img/national-flags/equatorial-guinea.gif"
    },
    {
      "Word": "Eritrea",
      "ImageUrl": "https://www.randomlists.com/img/national-flags/eritrea.gif"
    },
    {
      "Word": "Estonia",
      "ImageUrl": "https://www.randomlists.com/img/national-flags/estonia.gif"
    },
    {
      "Word": "Ethiopia",
      "ImageUrl": "https://www.randomlists.com/img/national-flags/ethiopia.gif"
    },
    {
      "Word": "Fiji",
      "ImageUrl": "https://www.randomlists.com/img/national-flags/fiji.gif"
    },
    {
      "Word": "Finland",
      "ImageUrl": "https://www.randomlists.com/img/national-flags/finland.gif"
    },
    {
      "Word": "France",
      "ImageUrl": "https://www.randomlists.com/img/national-flags/france.gif"
    },
    {
      "Word": "Gabon",
      "ImageUrl": "https://www.randomlists.com/img/national-flags/gabon.gif"
    },
    {
      "Word": "Gambia",
      "ImageUrl": "https://www.randomlists.com/img/national-flags/gambia.gif"
    },
    {
      "Word": "Georgia",
      "ImageUrl": "https://www.randomlists.com/img/national-flags/georgia.gif"
    },
    {
      "Word": "Germany",
      "ImageUrl": "https://www.randomlists.com/img/national-flags/germany.gif"
    },
    {
      "Word": "Ghana",
      "ImageUrl": "https://www.randomlists.com/img/national-flags/ghana.gif"
    },
    {
      "Word": "Greece",
      "ImageUrl": "https://www.randomlists.com/img/national-flags/greece.gif"
    },
    {
      "Word": "Grenada",
      "ImageUrl": "https://www.randomlists.com/img/national-flags/grenada.gif"
    },
    {
      "Word": "Guatemala",
      "ImageUrl": "https://www.randomlists.com/img/national-flags/guatemala.gif"
    },
    {
      "Word": "Guinea",
      "ImageUrl": "https://www.randomlists.com/img/national-flags/guinea.gif"
    },
    {
      "Word": "Guinea-Bissau",
      "ImageUrl": "https://www.randomlists.com/img/national-flags/guinea-bissau.gif"
    },
    {
      "Word": "Guyana",
      "ImageUrl": "https://www.randomlists.com/img/national-flags/guyana.gif"
    },
    {
      "Word": "Haiti",
      "ImageUrl": "https://www.randomlists.com/img/national-flags/haiti.gif"
    },
    {
      "Word": "Honduras",
      "ImageUrl": "https://www.randomlists.com/img/national-flags/honduras.gif"
    },
    {
      "Word": "Hong Kong",
      "ImageUrl": "https://www.randomlists.com/img/national-flags/hong-kong.gif"
    },
    {
      "Word": "Hungary",
      "ImageUrl": "https://www.randomlists.com/img/national-flags/hungary.gif"
    },
    {
      "Word": "Iceland",
      "ImageUrl": "https://www.randomlists.com/img/national-flags/iceland.gif"
    },
    {
      "Word": "India",
      "ImageUrl": "https://www.randomlists.com/img/national-flags/india.gif"
    },
    {
      "Word": "Indonesia",
      "ImageUrl": "https://www.randomlists.com/img/national-flags/indonesia.gif"
    },
    {
      "Word": "Iran",
      "ImageUrl": "https://www.randomlists.com/img/national-flags/iran.gif"
    },
    {
      "Word": "Iraq",
      "ImageUrl": "https://www.randomlists.com/img/national-flags/iraq.gif"
    },
    {
      "Word": "Ireland",
      "ImageUrl": "https://www.randomlists.com/img/national-flags/ireland.gif"
    },
    {
      "Word": "Isle of Man",
      "ImageUrl": "https://www.randomlists.com/img/national-flags/isle-of-man.gif"
    },
    {
      "Word": "Israel",
      "ImageUrl": "https://www.randomlists.com/img/national-flags/israel.gif"
    },
    {
      "Word": "Italy",
      "ImageUrl": "https://www.randomlists.com/img/national-flags/italy.gif"
    },
    {
      "Word": "Jamaica",
      "ImageUrl": "https://www.randomlists.com/img/national-flags/jamaica.gif"
    },
    {
      "Word": "Japan",
      "ImageUrl": "https://www.randomlists.com/img/national-flags/japan.gif"
    },
    {
      "Word": "Jordan",
      "ImageUrl": "https://www.randomlists.com/img/national-flags/jordan.gif"
    },
    {
      "Word": "Kazakhstan",
      "ImageUrl": "https://www.randomlists.com/img/national-flags/kazakhstan.gif"
    },
    {
      "Word": "Kenya",
      "ImageUrl": "https://www.randomlists.com/img/national-flags/kenya.gif"
    },
    {
      "Word": "Kiribati",
      "ImageUrl": "https://www.randomlists.com/img/national-flags/kiribati.gif"
    },
    {
      "Word": "North Korea",
      "ImageUrl": "https://www.randomlists.com/img/national-flags/korea-north.gif"
    },
    {
      "Word": "South Korea",
      "ImageUrl": "https://www.randomlists.com/img/national-flags/korea-south.gif"
    },
    {
      "Word": "Kosovo",
      "ImageUrl": "https://www.randomlists.com/img/national-flags/kosovo.gif"
    },
    {
      "Word": "Kuwait",
      "ImageUrl": "https://www.randomlists.com/img/national-flags/kuwait.gif"
    },
    {
      "Word": "Kyrgyzstan",
      "ImageUrl": "https://www.randomlists.com/img/national-flags/kyrgyzstan.gif"
    },
    {
      "Word": "Laos",
      "ImageUrl": "https://www.randomlists.com/img/national-flags/laos.gif"
    },
    {
      "Word": "Latvia",
      "ImageUrl": "https://www.randomlists.com/img/national-flags/latvia.gif"
    },
    {
      "Word": "Lebanon",
      "ImageUrl": "https://www.randomlists.com/img/national-flags/lebanon.gif"
    },
    {
      "Word": "Lesotho",
      "ImageUrl": "https://www.randomlists.com/img/national-flags/lesotho.gif"
    },
    {
      "Word": "Liberia",
      "ImageUrl": "https://www.randomlists.com/img/national-flags/liberia.gif"
    },
    {
      "Word": "Libya",
      "ImageUrl": "https://www.randomlists.com/img/national-flags/libya.gif"
    },
    {
      "Word": "Liechtenstein",
      "ImageUrl": "https://www.randomlists.com/img/national-flags/liechtenstein.gif"
    },
    {
      "Word": "Lithuania",
      "ImageUrl": "https://www.randomlists.com/img/national-flags/lithuania.gif"
    },
    {
      "Word": "Luxembourg",
      "ImageUrl": "https://www.randomlists.com/img/national-flags/luxembourg.gif"
    },
    {
      "Word": "Macau",
      "ImageUrl": "https://www.randomlists.com/img/national-flags/macau.gif"
    },
    {
      "Word": "Macedonia",
      "ImageUrl": "https://www.randomlists.com/img/national-flags/macedonia.gif"
    },
    {
      "Word": "Madagascar",
      "ImageUrl": "https://www.randomlists.com/img/national-flags/madagascar.gif"
    },
    {
      "Word": "Malawi",
      "ImageUrl": "https://www.randomlists.com/img/national-flags/malawi.gif"
    },
    {
      "Word": "Malaysia",
      "ImageUrl": "https://www.randomlists.com/img/national-flags/malaysia.gif"
    },
    {
      "Word": "Maldives",
      "ImageUrl": "https://www.randomlists.com/img/national-flags/maldives.gif"
    },
    {
      "Word": "Mali",
      "ImageUrl": "https://www.randomlists.com/img/national-flags/mali.gif"
    },
    {
      "Word": "Malta",
      "ImageUrl": "https://www.randomlists.com/img/national-flags/malta.gif"
    },
    {
      "Word": "Marshall Islands",
      "ImageUrl": "https://www.randomlists.com/img/national-flags/marshall-islands.gif"
    },
    {
      "Word": "Mauritania",
      "ImageUrl": "https://www.randomlists.com/img/national-flags/mauritania.gif"
    },
    {
      "Word": "Mauritius",
      "ImageUrl": "https://www.randomlists.com/img/national-flags/mauritius.gif"
    },
    {
      "Word": "Mexico",
      "ImageUrl": "https://www.randomlists.com/img/national-flags/mexico.gif"
    },
    {
      "Word": "Micronesia",
      "ImageUrl": "https://www.randomlists.com/img/national-flags/micronesia.gif"
    },
    {
      "Word": "Moldova",
      "ImageUrl": "https://www.randomlists.com/img/national-flags/moldova.gif"
    },
    {
      "Word": "Monaco",
      "ImageUrl": "https://www.randomlists.com/img/national-flags/monaco.gif"
    },
    {
      "Word": "Mongolia",
      "ImageUrl": "https://www.randomlists.com/img/national-flags/mongolia.gif"
    },
    {
      "Word": "Montenegro",
      "ImageUrl": "https://www.randomlists.com/img/national-flags/montenegro.gif"
    },
    {
      "Word": "Morocco",
      "ImageUrl": "https://www.randomlists.com/img/national-flags/morocco.gif"
    },
    {
      "Word": "Mozambique",
      "ImageUrl": "https://www.randomlists.com/img/national-flags/mozambique.gif"
    },
    {
      "Word": "Namibia",
      "ImageUrl": "https://www.randomlists.com/img/national-flags/namibia.gif"
    },
    {
      "Word": "Nauru",
      "ImageUrl": "https://www.randomlists.com/img/national-flags/nauru.gif"
    },
    {
      "Word": "Nepal",
      "ImageUrl": "https://www.randomlists.com/img/national-flags/nepal.gif"
    },
    {
      "Word": "Netherlands",
      "ImageUrl": "https://www.randomlists.com/img/national-flags/netherlands.gif"
    },
    {
      "Word": "New Zealand",
      "ImageUrl": "https://www.randomlists.com/img/national-flags/new-zealand.gif"
    },
    {
      "Word": "Nicaragua",
      "ImageUrl": "https://www.randomlists.com/img/national-flags/nicaragua.gif"
    },
    {
      "Word": "Niger",
      "ImageUrl": "https://www.randomlists.com/img/national-flags/niger.gif"
    },
    {
      "Word": "Nigeria",
      "ImageUrl": "https://www.randomlists.com/img/national-flags/nigeria.gif"
    },
    {
      "Word": "Norway",
      "ImageUrl": "https://www.randomlists.com/img/national-flags/norway.gif"
    },
    {
      "Word": "Oman",
      "ImageUrl": "https://www.randomlists.com/img/national-flags/oman.gif"
    },
    {
      "Word": "Pakistan",
      "ImageUrl": "https://www.randomlists.com/img/national-flags/pakistan.gif"
    },
    {
      "Word": "Palau",
      "ImageUrl": "https://www.randomlists.com/img/national-flags/palau.gif"
    },
    {
      "Word": "Panama",
      "ImageUrl": "https://www.randomlists.com/img/national-flags/panama.gif"
    },
    {
      "Word": "Papua New Guinea",
      "ImageUrl": "https://www.randomlists.com/img/national-flags/papua-new-guinea.gif"
    },
    {
      "Word": "Paraguay",
      "ImageUrl": "https://www.randomlists.com/img/national-flags/paraguay.gif"
    },
    {
      "Word": "Peru",
      "ImageUrl": "https://www.randomlists.com/img/national-flags/peru.gif"
    },
    {
      "Word": "Philippines",
      "ImageUrl": "https://www.randomlists.com/img/national-flags/philippines.gif"
    },
    {
      "Word": "Poland",
      "ImageUrl": "https://www.randomlists.com/img/national-flags/poland.gif"
    },
    {
      "Word": "Portugal",
      "ImageUrl": "https://www.randomlists.com/img/national-flags/portugal.gif"
    },
    {
      "Word": "Puerto Rico",
      "ImageUrl": "https://www.randomlists.com/img/national-flags/puerto-rico.gif"
    },
    {
      "Word": "Qatar",
      "ImageUrl": "https://www.randomlists.com/img/national-flags/qatar.gif"
    },
    {
      "Word": "Romania",
      "ImageUrl": "https://www.randomlists.com/img/national-flags/romania.gif"
    },
    {
      "Word": "Russia",
      "ImageUrl": "https://www.randomlists.com/img/national-flags/russia.gif"
    },
    {
      "Word": "Rwanda",
      "ImageUrl": "https://www.randomlists.com/img/national-flags/rwanda.gif"
    },
    {
      "Word": "Saint Kitts and Nevis",
      "ImageUrl": "https://www.randomlists.com/img/national-flags/saint-kitts-and-nevis.gif"
    },
    {
      "Word": "Saint Lucia",
      "ImageUrl": "https://www.randomlists.com/img/national-flags/saint-lucia.gif"
    },
    {
      "Word": "Saint Vincent and the Grenadines",
      "ImageUrl": "https://www.randomlists.com/img/national-flags/saint-vincent-and-the-grenadines.gif"
    },
    {
      "Word": "Samoa",
      "ImageUrl": "https://www.randomlists.com/img/national-flags/samoa.gif"
    },
    {
      "Word": "San Marino",
      "ImageUrl": "https://www.randomlists.com/img/national-flags/san-marino.gif"
    },
    {
      "Word": "Saudi Arabia",
      "ImageUrl": "https://www.randomlists.com/img/national-flags/saudi-arabia.gif"
    },
    {
      "Word": "Scotland",
      "ImageUrl": "https://www.randomlists.com/img/national-flags/scotland.gif"
    },
    {
      "Word": "Senegal",
      "ImageUrl": "https://www.randomlists.com/img/national-flags/senegal.gif"
    },
    {
      "Word": "Serbia",
      "ImageUrl": "https://www.randomlists.com/img/national-flags/serbia.gif"
    },
    {
      "Word": "Seychelles",
      "ImageUrl": "https://www.randomlists.com/img/national-flags/seychelles.gif"
    },
    {
      "Word": "Sierra Leone",
      "ImageUrl": "https://www.randomlists.com/img/national-flags/sierra-leone.gif"
    },
    {
      "Word": "Singapore",
      "ImageUrl": "https://www.randomlists.com/img/national-flags/singapore.gif"
    },
    {
      "Word": "Slovakia",
      "ImageUrl": "https://www.randomlists.com/img/national-flags/slovakia.gif"
    },
    {
      "Word": "Slovenia",
      "ImageUrl": "https://www.randomlists.com/img/national-flags/slovenia.gif"
    },
    {
      "Word": "Solomon Islands",
      "ImageUrl": "https://www.randomlists.com/img/national-flags/solomon-islands.gif"
    },
    {
      "Word": "Somalia",
      "ImageUrl": "https://www.randomlists.com/img/national-flags/somalia.gif"
    },
    {
      "Word": "South Africa",
      "ImageUrl": "https://www.randomlists.com/img/national-flags/south-africa.gif"
    },
    {
      "Word": "Spain",
      "ImageUrl": "https://www.randomlists.com/img/national-flags/spain.gif"
    },
    {
      "Word": "Sri Lanka",
      "ImageUrl": "https://www.randomlists.com/img/national-flags/sri-lanka.gif"
    },
    {
      "Word": "Sudan",
      "ImageUrl": "https://www.randomlists.com/img/national-flags/sudan.gif"
    },
    {
      "Word": "Suriname",
      "ImageUrl": "https://www.randomlists.com/img/national-flags/suriname.gif"
    },
    {
      "Word": "Swaziland",
      "ImageUrl": "https://www.randomlists.com/img/national-flags/swaziland.gif"
    },
    {
      "Word": "Sweden",
      "ImageUrl": "https://www.randomlists.com/img/national-flags/sweden.gif"
    },
    {
      "Word": "Switzerland",
      "ImageUrl": "https://www.randomlists.com/img/national-flags/switzerland.gif"
    },
    {
      "Word": "Syria",
      "ImageUrl": "https://www.randomlists.com/img/national-flags/syria.gif"
    },
    {
      "Word": "Taiwan",
      "ImageUrl": "https://www.randomlists.com/img/national-flags/taiwan.gif"
    },
    {
      "Word": "Tajikistan",
      "ImageUrl": "https://www.randomlists.com/img/national-flags/tajikistan.gif"
    },
    {
      "Word": "Tanzania",
      "ImageUrl": "https://www.randomlists.com/img/national-flags/tanzania.gif"
    },
    {
      "Word": "Thailand",
      "ImageUrl": "https://www.randomlists.com/img/national-flags/thailand.gif"
    },
    {
      "Word": "Togo",
      "ImageUrl": "https://www.randomlists.com/img/national-flags/togo.gif"
    },
    {
      "Word": "Tonga",
      "ImageUrl": "https://www.randomlists.com/img/national-flags/tonga.gif"
    },
    {
      "Word": "Trinidad and Tobago",
      "ImageUrl": "https://www.randomlists.com/img/national-flags/trinidad-and-tobago.gif"
    },
    {
      "Word": "Tunisia",
      "ImageUrl": "https://www.randomlists.com/img/national-flags/tunisia.gif"
    },
    {
      "Word": "Turkey",
      "ImageUrl": "https://www.randomlists.com/img/national-flags/turkey.gif"
    },
    {
      "Word": "Turkmenistan",
      "ImageUrl": "https://www.randomlists.com/img/national-flags/turkmenistan.gif"
    },
    {
      "Word": "Tuvalu",
      "ImageUrl": "https://www.randomlists.com/img/national-flags/tuvalu.gif"
    },
    {
      "Word": "Uganda",
      "ImageUrl": "https://www.randomlists.com/img/national-flags/uganda.gif"
    },
    {
      "Word": "Ukraine",
      "ImageUrl": "https://www.randomlists.com/img/national-flags/ukraine.gif"
    },
    {
      "Word": "United Arab Emirates",
      "ImageUrl": "https://www.randomlists.com/img/national-flags/united-arab-emirates.gif"
    },
    {
      "Word": "United Kingdom",
      "ImageUrl": "https://www.randomlists.com/img/national-flags/united-kingdom.gif"
    },
    {
      "Word": "United States of America",
      "ImageUrl": "https://www.randomlists.com/img/national-flags/united-states-of-america.gif"
    },
    {
      "Word": "Uruguay",
      "ImageUrl": "https://www.randomlists.com/img/national-flags/uruguay.gif"
    },
    {
      "Word": "USSR",
      "ImageUrl": "https://www.randomlists.com/img/national-flags/ussr.gif"
    },
    {
      "Word": "Uzbekistan",
      "ImageUrl": "https://www.randomlists.com/img/national-flags/uzbekistan.gif"
    },
    {
      "Word": "Vanuatu",
      "ImageUrl": "https://www.randomlists.com/img/national-flags/vanuatu.gif"
    },
    {
      "Word": "Vatican City",
      "ImageUrl": "https://www.randomlists.com/img/national-flags/vatican-city.gif"
    },
    {
      "Word": "Venezuela",
      "ImageUrl": "https://www.randomlists.com/img/national-flags/venezuela.gif"
    },
    {
      "Word": "Vietnam",
      "ImageUrl": "https://www.randomlists.com/img/national-flags/vietnam.gif"
    },
    {
      "Word": "Wales",
      "ImageUrl": "https://www.randomlists.com/img/national-flags/wales.gif"
    },
    {
      "Word": "Yemen",
      "ImageUrl": "https://www.randomlists.com/img/national-flags/yemen.gif"
    },
    {
      "Word": "Zambia",
      "ImageUrl": "https://www.randomlists.com/img/national-flags/zambia.gif"
    },
    {
      "Word": "Zimbabwe",
      "ImageUrl": "https://www.randomlists.com/img/national-flags/zimbabwe.gif"
    }
  ],
  "Movies": [
    {
      "Word": "Underworld: Blood Wars",
      "ImageUrl": "https://image.tmdb.org/t/p/w300_and_h450_bestv2/PIXSMakrO3s2dqA7mCvAAoVR0E.jpg"
    },
    {
      "Word": "Fantastic Beasts and Where to Find Them",
      "ImageUrl": "https://image.tmdb.org/t/p/w300_and_h450_bestv2/6I2tPx6KIiBB4TWFiWwNUzrbxUn.jpg"
    },
    {
      "Word": "Suicide Squad",
      "ImageUrl": "https://image.tmdb.org/t/p/w300_and_h450_bestv2/34dxtTxMHGKw1njHpTjDqR8UBHd.jpg"
    },
    {
      "Word": "Miss Peregrine's Home for Peculiar Children",
      "ImageUrl": "https://image.tmdb.org/t/p/w300_and_h450_bestv2/qXQinDhDZkTiqEGLnav0h1YSUu8.jpg"
    },
    {
      "Word": "Sully",
      "ImageUrl": "https://image.tmdb.org/t/p/w300_and_h450_bestv2/vC9H1ZVdXi1KjH4aPfGB54mvDNh.jpg"
    },
    {
      "Word": "Arrival",
      "ImageUrl": "https://image.tmdb.org/t/p/w300_and_h450_bestv2/yIZ1xendyqKvY3FGeeUYUd5X9Mm.jpg"
    },
    {
      "Word": "Doctor Strange",
      "ImageUrl": "https://image.tmdb.org/t/p/w300_and_h450_bestv2/tFI8VLMgSTTU38i8TIsklfqS9Nl.jpg"
    },
    {
      "Word": "Mad Max: Fury Road",
      "ImageUrl": "https://image.tmdb.org/t/p/w300_and_h450_bestv2/tbhdm8UJAb4ViCTsulYFL3lxMCd.jpg"
    },
    {
      "Word": "Interstellar",
      "ImageUrl": "https://image.tmdb.org/t/p/w300_and_h450_bestv2/xu9zaAevzQ5nnrsXN6JcahLnG4i.jpg"
    },
    {
      "Word": "Jason Bourne",
      "ImageUrl": "https://image.tmdb.org/t/p/w300_and_h450_bestv2/AoT2YrJUJlg5vKE3iMOLvHlTd3m.jpg"
    },
    {
      "Word": "Captain America: Civil War",
      "ImageUrl": "https://image.tmdb.org/t/p/w300_and_h450_bestv2/m5O3SZvQ6EgD5XXXLPIP1wLppeW.jpg"
    },
    {
      "Word": "Moana",
      "ImageUrl": "https://image.tmdb.org/t/p/w300_and_h450_bestv2/1qGzqGUd1pa05aqYXGSbLkiBlLB.jpg"
    },
    {
      "Word": "The Hunger Games: Mockingjay - Part 1",
      "ImageUrl": "https://image.tmdb.org/t/p/w300_and_h450_bestv2/83nHcz2KcnEpPXY50Ky2VldewJJ.jpg"
    },
    {
      "Word": "Underworld",
      "ImageUrl": "https://image.tmdb.org/t/p/w300_and_h450_bestv2/cPhRPAJWK8BuuJqqf6PztzvOlnZ.jpg"
    },
    {
      "Word": "The Secret Life of Pets",
      "ImageUrl": "https://image.tmdb.org/t/p/w300_and_h450_bestv2/lubzBMQLLmG88CLQ4F3TxZr2Q7N.jpg"
    },
    {
      "Word": "Insurgent",
      "ImageUrl": "https://image.tmdb.org/t/p/w300_and_h450_bestv2/L5QRL1O3fGs2hH1LbtYyVl8Tce.jpg"
    },
    {
      "Word": "Jurassic World",
      "ImageUrl": "https://image.tmdb.org/t/p/w300_and_h450_bestv2/dkMD5qlogeRMiEixC4YNPUvax2T.jpg"
    },
    {
      "Word": "Ben-Hur",
      "ImageUrl": "https://image.tmdb.org/t/p/w300_and_h450_bestv2/A4xbEpe9LevQCdvaNC0z6r8AfYk.jpg"
    },
    {
      "Word": "Finding Dory",
      "ImageUrl": "https://image.tmdb.org/t/p/w300_and_h450_bestv2/iWRKYHTFlsrxQtfQqFOQyceL83P.jpg"
    },
    {
      "Word": "Guardians of the Galaxy",
      "ImageUrl": "https://image.tmdb.org/t/p/w300_and_h450_bestv2/bHarw8xrmQeqf3t8HpuMY7zoK4x.jpg"
    },
    {
      "Word": "Ghostbusters",
      "ImageUrl": "https://image.tmdb.org/t/p/w300_and_h450_bestv2/58bvfg9b040GDmKffLUJsEjg779.jpg"
    },
    {
      "Word": "Inferno",
      "ImageUrl": "https://image.tmdb.org/t/p/w300_and_h450_bestv2/anmLLbDx9d98NMZRyVUtxwJR6ab.jpg"
    },
    {
      "Word": "Star Trek Beyond",
      "ImageUrl": "https://image.tmdb.org/t/p/w300_and_h450_bestv2/6uBlEXZCUHM15UNZqNig17VdN4m.jpg"
    },
    {
      "Word": "The BFG",
      "ImageUrl": "https://image.tmdb.org/t/p/w300_and_h450_bestv2/eYT9XQBo1eC4DwPYqhCol0dFFc2.jpg"
    },
    {
      "Word": "Pete's Dragon",
      "ImageUrl": "https://image.tmdb.org/t/p/w300_and_h450_bestv2/AaRhHX0Jfpju0O6hNzScPRgX9Mm.jpg"
    },
    {
      "Word": "Mechanic: Resurrection",
      "ImageUrl": "https://image.tmdb.org/t/p/w300_and_h450_bestv2/6kMu4vECAyTpj2Z7n8viJ4RAaYh.jpg"
    },
    {
      "Word": "The Imitation Game",
      "ImageUrl": "https://image.tmdb.org/t/p/w300_and_h450_bestv2/qcb6z1HpokTOKdjqDTsnjJk0Xvg.jpg"
    },
    {
      "Word": "X-Men: Apocalypse",
      "ImageUrl": "https://image.tmdb.org/t/p/w300_and_h450_bestv2/oQWWth5AOtbWG9o8SCAviGcADed.jpg"
    },
    {
      "Word": "John Wick",
      "ImageUrl": "https://image.tmdb.org/t/p/w300_and_h450_bestv2/mFb0ygcue4ITixDkdr7wm1Tdarx.jpg"
    },
    {
      "Word": "Deadpool",
      "ImageUrl": "https://image.tmdb.org/t/p/w300_and_h450_bestv2/n1y094tVDFATSzkTnFxoGZ1qNsG.jpg"
    },
    {
      "Word": "Batman v Superman: Dawn of Justice",
      "ImageUrl": "https://image.tmdb.org/t/p/w300_and_h450_bestv2/vsjBeMPZtyB7yNsYY56XYxifaQZ.jpg"
    },
    {
      "Word": "The Revenant",
      "ImageUrl": "https://image.tmdb.org/t/p/w300_and_h450_bestv2/kiWvoV78Cc3fUwkOHKzyBgVdrDD.jpg"
    },
    {
      "Word": "Now You See Me 2",
      "ImageUrl": "https://image.tmdb.org/t/p/w300_and_h450_bestv2/zrAO2OOa6s6dQMQ7zsUbDyIBrAP.jpg"
    },
    {
      "Word": "Star Wars: The Force Awakens",
      "ImageUrl": "https://image.tmdb.org/t/p/w300_and_h450_bestv2/c2Ax8Rox5g6CneChwy1gmu4UbSb.jpg"
    },
    {
      "Word": "The Martian",
      "ImageUrl": "https://image.tmdb.org/t/p/w300_and_h450_bestv2/sy3e2e4JwdAtd2oZGA2uUilZe8j.jpg"
    },
    {
      "Word": "Bridget Jones's Baby",
      "ImageUrl": "https://image.tmdb.org/t/p/w300_and_h450_bestv2/w9VNDcQet0TUoLRWHg8JbT4QjpW.jpg"
    },
    {
      "Word": "Minions",
      "ImageUrl": "https://image.tmdb.org/t/p/w300_and_h450_bestv2/uX7LXnsC7bZJZjn048UCOwkPXWJ.jpg"
    },
    {
      "Word": "Star Wars",
      "ImageUrl": "https://image.tmdb.org/t/p/w300_and_h450_bestv2/4iJfYYoQzZcONB9hNzg0J0wWyPH.jpg"
    },
    {
      "Word": "Spectre",
      "ImageUrl": "https://image.tmdb.org/t/p/w300_and_h450_bestv2/wVTYlkKPKrljJfugXN7UlLNjtuJ.jpg"
    },
    {
      "Word": "Rogue One: A Star Wars Story",
      "ImageUrl": "https://image.tmdb.org/t/p/w300_and_h450_bestv2/tZjVVIYXACV4IIIhXeIM59ytqwS.jpg"
    },
    {
      "Word": "Big Hero 6",
      "ImageUrl": "https://image.tmdb.org/t/p/w300_and_h450_bestv2/2BXd0t9JdVqCp9sKf6kzMkr7QjB.jpg"
    },
    {
      "Word": "Independence Day: Resurgence",
      "ImageUrl": "https://image.tmdb.org/t/p/w300_and_h450_bestv2/8SqBiesvo1rh9P1hbJTmnVum6jv.jpg"
    },
    {
      "Word": "The Dark Knight",
      "ImageUrl": "https://image.tmdb.org/t/p/w300_and_h450_bestv2/nnMC0BM6XbjIIrT4miYmMtPGcQV.jpg"
    },
    {
      "Word": "Sausage Party",
      "ImageUrl": "https://image.tmdb.org/t/p/w300_and_h450_bestv2/nBvyktlVHjLx5nZ9Oxaoqo5jwbf.jpg"
    },
    {
      "Word": "Gone Girl",
      "ImageUrl": "https://image.tmdb.org/t/p/w300_and_h450_bestv2/bt6DhdALyhf90gReozoQ0y3R3vZ.jpg"
    },
    {
      "Word": "Zootopia",
      "ImageUrl": "https://image.tmdb.org/t/p/w300_and_h450_bestv2/mhdeE1yShHTaDbJVdWyTlzFvNkr.jpg"
    },
    {
      "Word": "Allegiant",
      "ImageUrl": "https://image.tmdb.org/t/p/w300_and_h450_bestv2/sFthBeT0Y3WVfg6b3MkcJs9qfzq.jpg"
    },
    {
      "Word": "The Hobbit: The Battle of the Five Armies",
      "ImageUrl": "https://image.tmdb.org/t/p/w300_and_h450_bestv2/qhH3GyIfAnGv1pjdV3mw03qAilg.jpg"
    },
    {
      "Word": "Fury",
      "ImageUrl": "https://image.tmdb.org/t/p/w300_and_h450_bestv2/pKawqrtCBMmxarft7o1LbEynys7.jpg"
    },
    {
      "Word": "The Jungle Book",
      "ImageUrl": "https://image.tmdb.org/t/p/w300_and_h450_bestv2/eIOTsGg9FCVrBc4r2nXaV61JF4F.jpg"
    },
    {
      "Word": "Jack Reacher: Never Go Back",
      "ImageUrl": "https://image.tmdb.org/t/p/w300_and_h450_bestv2/4ynQYtSEuU5hyipcGkfD6ncwtwz.jpg"
    },
    {
      "Word": "Pirates of the Caribbean: The Curse of the Black Pearl",
      "ImageUrl": "https://image.tmdb.org/t/p/w300_and_h450_bestv2/8AUQ7YlJJA9C8kWk8P4YNHIcFDE.jpg"
    },
    {
      "Word": "The Hunger Games: Mockingjay - Part 2",
      "ImageUrl": "https://image.tmdb.org/t/p/w300_and_h450_bestv2/qjn3fzCAHGfl0CzeUlFbjrsmu4c.jpg"
    },
    {
      "Word": "Hell or High Water",
      "ImageUrl": "https://image.tmdb.org/t/p/w300_and_h450_bestv2/5GbRKOQSY08U3SQXXcQAKEnL2rE.jpg"
    },
    {
      "Word": "Terminator Genisys",
      "ImageUrl": "https://image.tmdb.org/t/p/w300_and_h450_bestv2/bIlYH4l2AyYvEysmS2AOfjO7Dn8.jpg"
    },
    {
      "Word": "Ant-Man",
      "ImageUrl": "https://image.tmdb.org/t/p/w300_and_h450_bestv2/kvXLZqY0Ngl1XSw7EaMQO0C1CCj.jpg"
    },
    {
      "Word": "The Shallows",
      "ImageUrl": "https://image.tmdb.org/t/p/w300_and_h450_bestv2/lEkHdk4g0nAKtMcHBtSmC1ON3O1.jpg"
    },
    {
      "Word": "Underworld: Awakening",
      "ImageUrl": "https://image.tmdb.org/t/p/w300_and_h450_bestv2/8iNsXY3LPsuT0gnUiTBMoNuRZI7.jpg"
    },
    {
      "Word": "Inception",
      "ImageUrl": "https://image.tmdb.org/t/p/w300_and_h450_bestv2/s2bT29y0ngXxxu2IA8AOzzXTRhd.jpg"
    },
    {
      "Word": "Underworld: Evolution",
      "ImageUrl": "https://image.tmdb.org/t/p/w300_and_h450_bestv2/lLZTsh8qDZsHCG9GMnqZKIlluZT.jpg"
    },
    {
      "Word": "The Hateful Eight",
      "ImageUrl": "https://image.tmdb.org/t/p/w300_and_h450_bestv2/sSvgNBeBNzAuKl8U8sP50ETJPgx.jpg"
    },
    {
      "Word": "Fight Club",
      "ImageUrl": "https://image.tmdb.org/t/p/w300_and_h450_bestv2/wSJPjqp2AZWQ6REaqkMuXsCIs64.jpg"
    },
    {
      "Word": "Avengers: Age of Ultron",
      "ImageUrl": "https://image.tmdb.org/t/p/w300_and_h450_bestv2/570qhjGZmGPrBGnfx70jcwIuBr4.jpg"
    },
    {
      "Word": "Underworld: Rise of the Lycans",
      "ImageUrl": "https://image.tmdb.org/t/p/w300_and_h450_bestv2/gVfnoiCJBdv2SN7poIbU7eyNVq1.jpg"
    },
    {
      "Word": "Tomorrowland",
      "ImageUrl": "https://image.tmdb.org/t/p/w300_and_h450_bestv2/fQbc5XuB4vWA9gnY1CmyxFaOufF.jpg"
    },
    {
      "Word": "The Matrix",
      "ImageUrl": "https://image.tmdb.org/t/p/w300_and_h450_bestv2/7u3pxc0K1wx32IleAkLv78MKgrw.jpg"
    },
    {
      "Word": "Furious 7",
      "ImageUrl": "https://image.tmdb.org/t/p/w300_and_h450_bestv2/ypyeMfKydpyuuTMdp36rMlkGDUL.jpg"
    },
    {
      "Word": "Pixels",
      "ImageUrl": "https://image.tmdb.org/t/p/w300_and_h450_bestv2/nvZVu6inpwLHKqRXZhye3S4uqei.jpg"
    },
    {
      "Word": "Emerald Green",
      "ImageUrl": "https://image.tmdb.org/t/p/w300_and_h450_bestv2/ioKU3dEgx0HeUWp3KI2X7YF8FdC.jpg"
    },
    {
      "Word": "Whiplash",
      "ImageUrl": "https://image.tmdb.org/t/p/w300_and_h450_bestv2/6bbZ6XyvgfjhQwbplnUh1LSj1ky.jpg"
    },
    {
      "Word": "The Legend of Tarzan",
      "ImageUrl": "https://image.tmdb.org/t/p/w300_and_h450_bestv2/pWNBPN8ghaKtGLcQBMwNyM32Wbm.jpg"
    },
    {
      "Word": "Lucy",
      "ImageUrl": "https://image.tmdb.org/t/p/w300_and_h450_bestv2/eCgIoGvfNXrbSiQGqQHccuHjQHm.jpg"
    },
    {
      "Word": "Allied",
      "ImageUrl": "https://image.tmdb.org/t/p/w300_and_h450_bestv2/6o4KCKjP1WcefXLBNRyhEenB2nW.jpg"
    },
    {
      "Word": "Eliminators",
      "ImageUrl": "https://image.tmdb.org/t/p/w300_and_h450_bestv2/lNhwy85HjhieIVfmWoDAL2wCchB.jpg"
    },
    {
      "Word": "Ice Age: Collision Course",
      "ImageUrl": "https://image.tmdb.org/t/p/w300_and_h450_bestv2/o29BFNqgXOUT1yHNYusnITsH7P9.jpg"
    },
    {
      "Word": "Batman Begins",
      "ImageUrl": "https://image.tmdb.org/t/p/w300_and_h450_bestv2/65JWXDCAfwHhJKnDwRnEgVB411X.jpg"
    },
    {
      "Word": "Teenage Mutant Ninja Turtles",
      "ImageUrl": "https://image.tmdb.org/t/p/w300_and_h450_bestv2/OqCXGt5nl1cHPeotxCDvXLLe6p.jpg"
    },
    {
      "Word": "Birdman",
      "ImageUrl": "https://image.tmdb.org/t/p/w300_and_h450_bestv2/hUDEHvhNJLNcb83Pp7xnFn0Wj09.jpg"
    },
    {
      "Word": "Avatar",
      "ImageUrl": "https://image.tmdb.org/t/p/w300_and_h450_bestv2/5XPPB44RQGfkBrbJxmtdndKz05n.jpg"
    },
    {
      "Word": "Kingsman: The Secret Service",
      "ImageUrl": "https://image.tmdb.org/t/p/w300_and_h450_bestv2/pfyWJUxrBTT2UIPoEQF3iFTHcQT.jpg"
    },
    {
      "Word": "Pirates of the Caribbean: At World's End",
      "ImageUrl": "https://image.tmdb.org/t/p/w300_and_h450_bestv2/8ZgpAftUiYTU76IhUADITa3Ur9n.jpg"
    },
    {
      "Word": "Bad Moms",
      "ImageUrl": "https://image.tmdb.org/t/p/w300_and_h450_bestv2/elPpPBuYB2Zn5wFwz2FSlJlKUjp.jpg"
    },
    {
      "Word": "Inside Out",
      "ImageUrl": "https://image.tmdb.org/t/p/w300_and_h450_bestv2/szytSpLAyBh3ULei3x663mAv5ZT.jpg"
    },
    {
      "Word": "Harry Potter and the Philosopher's Stone",
      "ImageUrl": "https://image.tmdb.org/t/p/w300_and_h450_bestv2/uD93T339xX1k3fnDUaeopZBiajY.jpg"
    },
    {
      "Word": "Dawn of the Planet of the Apes",
      "ImageUrl": "https://image.tmdb.org/t/p/w300_and_h450_bestv2/rjUl3pd1LHVOVfG4IGcyA1cId5l.jpg"
    },
    {
      "Word": "Iron Man",
      "ImageUrl": "https://image.tmdb.org/t/p/w300_and_h450_bestv2/ZQixhAZx6fH1VNafFXsqa1B8QI.jpg"
    },
    {
      "Word": "The Dark Knight Rises",
      "ImageUrl": "https://image.tmdb.org/t/p/w300_and_h450_bestv2/3bgtUfKQKNi3nJsAB5URpP2wdRt.jpg"
    },
    {
      "Word": "Don't Breathe",
      "ImageUrl": "https://image.tmdb.org/t/p/w300_and_h450_bestv2/bCThHXQ3aLLDU3KFST0rC8mTan5.jpg"
    },
    {
      "Word": "The Avengers",
      "ImageUrl": "https://image.tmdb.org/t/p/w300_and_h450_bestv2/hbn46fQaRmlpBuUrEiFqv0GDL6Y.jpg"
    },
    {
      "Word": "Alice Through the Looking Glass",
      "ImageUrl": "https://image.tmdb.org/t/p/w300_and_h450_bestv2/rWlXrfmX1FgcPyj7oQmLfwKRaam.jpg"
    },
    {
      "Word": "Now You See Me",
      "ImageUrl": "https://image.tmdb.org/t/p/w300_and_h450_bestv2/9wbXqcx6rHhoZ9Esp03C7amQzom.jpg"
    },
    {
      "Word": "The Accountant",
      "ImageUrl": "https://image.tmdb.org/t/p/w300_and_h450_bestv2/i9flZtw3BwukADQpu5PlrkwPYSY.jpg"
    },
    {
      "Word": "The Maze Runner",
      "ImageUrl": "https://image.tmdb.org/t/p/w300_and_h450_bestv2/yTbPPmLAn7DiiM0sPYfZduoAjB.jpg"
    },
    {
      "Word": "Forrest Gump",
      "ImageUrl": "https://image.tmdb.org/t/p/w300_and_h450_bestv2/ctOEhQiFIHWkiaYp7b0ibSTe5IL.jpg"
    },
    {
      "Word": "The Hunger Games: Catching Fire",
      "ImageUrl": "https://image.tmdb.org/t/p/w300_and_h450_bestv2/wRCPG1lsgfTFkWJ7G3eWgxCgv0C.jpg"
    },
    {
      "Word": "Warcraft",
      "ImageUrl": "https://image.tmdb.org/t/p/w300_and_h450_bestv2/5SX2rgKXZ7NVmAJR5z5LprqSXKa.jpg"
    },
    {
      "Word": "Eddie Izzard: Glorious",
      "ImageUrl": "https://image.tmdb.org/t/p/w300_and_h450_bestv2/2XHkh7xLqH168KRqMwDuiTmuyQi.jpg"
    },
    {
      "Word": "Office Christmas Party",
      "ImageUrl": "https://image.tmdb.org/t/p/w300_and_h450_bestv2/bzguuhqUI9G8jJ3EBtJ9p12g1Lr.jpg"
    },
    {
      "Word": "Transformers: The Last Knight",
      "ImageUrl": "https://image.tmdb.org/t/p/w300_and_h450_bestv2/lQmtMCQgBwcODAyNnKGQrW0Kza8.jpg"
    },
    {
      "Word": "Skyfall",
      "ImageUrl": "https://image.tmdb.org/t/p/w300_and_h450_bestv2/AunH2MIKIbnU9khgFp45eJlydPu.jpg"
    },
    {
      "Word": "The Hobbit: An Unexpected Journey",
      "ImageUrl": "https://image.tmdb.org/t/p/w300_and_h450_bestv2/jjAq3tCezdlQduusgtMhpY2XzW0.jpg"
    },
    {
      "Word": "The Lord of the Rings: The Fellowship of the Ring",
      "ImageUrl": "https://image.tmdb.org/t/p/w300_and_h450_bestv2/pIUvQ9Ed35wlWhY2oU6OmwEsmzG.jpg"
    },
    {
      "Word": "Kubo and the Two Strings",
      "ImageUrl": "https://image.tmdb.org/t/p/w300_and_h450_bestv2/n4FeRnlH0ERa1kCUh0NXOyQvxnd.jpg"
    },
    {
      "Word": "10 Cloverfield Lane",
      "ImageUrl": "https://image.tmdb.org/t/p/w300_and_h450_bestv2/qEu2EJBQUNFx5mSKOCItwZm74ZE.jpg"
    },
    {
      "Word": "Captain America: The First Avenger",
      "ImageUrl": "https://image.tmdb.org/t/p/w300_and_h450_bestv2/pmZtj1FKvQqISS6iQbkiLg5TAsr.jpg"
    },
    {
      "Word": "The Shawshank Redemption",
      "ImageUrl": "https://image.tmdb.org/t/p/w300_and_h450_bestv2/xBKGJQsAIeweesB79KC89FpBrVr.jpg"
    },
    {
      "Word": "Me Before You",
      "ImageUrl": "https://image.tmdb.org/t/p/w300_and_h450_bestv2/o4lxNwKJz8oq3R0kLOIsDlHbDhZ.jpg"
    },
    {
      "Word": "The Magnificent Seven",
      "ImageUrl": "https://image.tmdb.org/t/p/w300_and_h450_bestv2/T3LrH6bnV74llVbFpQsCBrGaU9.jpg"
    },
    {
      "Word": "The Lion King",
      "ImageUrl": "https://image.tmdb.org/t/p/w300_and_h450_bestv2/klI0K4oQMsLhHdjA9Uw8WLugk9v.jpg"
    },
    {
      "Word": "Quantum of Solace",
      "ImageUrl": "https://image.tmdb.org/t/p/w300_and_h450_bestv2/hfZVY8lMiE7HH1cDc2qzSFF6Kbt.jpg"
    },
    {
      "Word": "Sing",
      "ImageUrl": "https://image.tmdb.org/t/p/w300_and_h450_bestv2/srpt7oa3AmmJXd2K5x9ZVzmV0I3.jpg"
    },
    {
      "Word": "Nightcrawler",
      "ImageUrl": "https://image.tmdb.org/t/p/w300_and_h450_bestv2/ts4j3zYaPzdUVF3ijBeBdGVDWjX.jpg"
    },
    {
      "Word": "Snowden",
      "ImageUrl": "https://image.tmdb.org/t/p/w300_and_h450_bestv2/qzGFm7uF1HExPUAcAPwC3Hzk5WR.jpg"
    },
    {
      "Word": "The Equalizer",
      "ImageUrl": "https://image.tmdb.org/t/p/w300_and_h450_bestv2/b1uY9m6sZLLfa8jxtBvZg9esSvd.jpg"
    },
    {
      "Word": "Divergent",
      "ImageUrl": "https://image.tmdb.org/t/p/w300_and_h450_bestv2/g6WT9zxATzTy9NVu2xwbxDAxvjd.jpg"
    },
    {
      "Word": "Pirates of the Caribbean: Dead Man's Chest",
      "ImageUrl": "https://image.tmdb.org/t/p/w300_and_h450_bestv2/hdHgIcljPHli4xaJGt0INz8Gn3J.jpg"
    },
    {
      "Word": "War Dogs",
      "ImageUrl": "https://image.tmdb.org/t/p/w300_and_h450_bestv2/2cLndRZy8e3das3vVaK3BdJfRIi.jpg"
    },
    {
      "Word": "Pulp Fiction",
      "ImageUrl": "https://image.tmdb.org/t/p/w300_and_h450_bestv2/mte63qJaVnoxkkXbHkdFujBnBgd.jpg"
    },
    {
      "Word": "Transformers: Age of Extinction",
      "ImageUrl": "https://image.tmdb.org/t/p/w300_and_h450_bestv2/cHy7nSitAVgvZ7qfCK4JO47t3oZ.jpg"
    },
    {
      "Word": "Gladiator",
      "ImageUrl": "https://image.tmdb.org/t/p/w300_and_h450_bestv2/5vZw7ltCKI0JiOYTtRxaIC3DX0e.jpg"
    },
    {
      "Word": "Nerve",
      "ImageUrl": "https://image.tmdb.org/t/p/w300_and_h450_bestv2/a0wohltYr7Tzkgg2X6QKBe3txj1.jpg"
    },
    {
      "Word": "I Am Legend",
      "ImageUrl": "https://image.tmdb.org/t/p/w300_and_h450_bestv2/u6Qg7TH7Oh1IFWCQSRr4htFFt0A.jpg"
    },
    {
      "Word": "Teenage Mutant Ninja Turtles: Out of the Shadows",
      "ImageUrl": "https://image.tmdb.org/t/p/w300_and_h450_bestv2/999RuhZvog8ocyvcccVV9yGmMjL.jpg"
    },
    {
      "Word": "Cinderella",
      "ImageUrl": "https://image.tmdb.org/t/p/w300_and_h450_bestv2/aUYcExsGuRaw7PLGmAmXubt1dfG.jpg"
    },
    {
      "Word": "The Big Short",
      "ImageUrl": "https://image.tmdb.org/t/p/w300_and_h450_bestv2/jmlMLYEsYY1kRc5qHIyTdxCeVmZ.jpg"
    },
    {
      "Word": "X-Men: Days of Future Past",
      "ImageUrl": "https://image.tmdb.org/t/p/w300_and_h450_bestv2/5LBcSLHAtEIIgvNkA2dPmYH5wR7.jpg"
    },
    {
      "Word": "Shutter Island",
      "ImageUrl": "https://image.tmdb.org/t/p/w300_and_h450_bestv2/fmLWuAfDPaUa3Vi5nO1YUUyZaX6.jpg"
    },
    {
      "Word": "Captain America: The Winter Soldier",
      "ImageUrl": "https://image.tmdb.org/t/p/w300_and_h450_bestv2/4qfXT9BtxeFuamR4F49m2mpKQI1.jpg"
    },
    {
      "Word": "San Andreas",
      "ImageUrl": "https://image.tmdb.org/t/p/w300_and_h450_bestv2/cUfGqafAVQkatQ7N4y08RNV3bgu.jpg"
    },
    {
      "Word": "The Mummy",
      "ImageUrl": "https://image.tmdb.org/t/p/w300_and_h450_bestv2/3qthpSSyBY6Efeu1sqkO8L1Eyyb.jpg"
    },
    {
      "Word": "Chappie",
      "ImageUrl": "https://image.tmdb.org/t/p/w300_and_h450_bestv2/y5lG7TBpeOMG0jxAaTK0ghZSzBJ.jpg"
    },
    {
      "Word": "Bridge of Spies",
      "ImageUrl": "https://image.tmdb.org/t/p/w300_and_h450_bestv2/3amJMLyjx0rDbwhnKNG8d6gzDSV.jpg"
    },
    {
      "Word": "The Lord of the Rings: The Return of the King",
      "ImageUrl": "https://image.tmdb.org/t/p/w300_and_h450_bestv2/8BPZO0Bf8TeAy8znF43z8soK3ys.jpg"
    },
    {
      "Word": "Kill Bill: Vol. 1",
      "ImageUrl": "https://image.tmdb.org/t/p/w300_and_h450_bestv2/kkS8PKa8c134vXsj2fQkNqOaCXU.jpg"
    },
    {
      "Word": "Pirates of the Caribbean: On Stranger Tides",
      "ImageUrl": "https://image.tmdb.org/t/p/w300_and_h450_bestv2/l7zANdjgTvYqwZUx76Vk0EKpCH5.jpg"
    },
    {
      "Word": "The Nice Guys",
      "ImageUrl": "https://image.tmdb.org/t/p/w300_and_h450_bestv2/a7eSkK4bkLwKCXYDdYIqLxrqT2n.jpg"
    },
    {
      "Word": "Harry Potter and the Chamber of Secrets",
      "ImageUrl": "https://image.tmdb.org/t/p/w300_and_h450_bestv2/avqzwKn89VetTEvAlBePt3Us6Al.jpg"
    },
    {
      "Word": "The Lord of the Rings: The Two Towers",
      "ImageUrl": "https://image.tmdb.org/t/p/w300_and_h450_bestv2/dG4BmM32XJmKiwopLDQmvXEhuHB.jpg"
    },
    {
      "Word": "Titanic",
      "ImageUrl": "https://image.tmdb.org/t/p/w300_and_h450_bestv2/2Te2YJoLtT2cHME7i5kDuEwJWZc.jpg"
    },
    {
      "Word": "The Huntsman: Winter's War",
      "ImageUrl": "https://image.tmdb.org/t/p/w300_and_h450_bestv2/nQ0UvXdxoMZguLuPj0sdV0U36KR.jpg"
    },
    {
      "Word": "Thor",
      "ImageUrl": "https://image.tmdb.org/t/p/w300_and_h450_bestv2/6UxFfo8K3vcihtUpX1ek2ucGeEZ.jpg"
    },
    {
      "Word": "Taken 3",
      "ImageUrl": "https://image.tmdb.org/t/p/w300_and_h450_bestv2/razvUuLkF7CX4XsLyj02ksC0ayy.jpg"
    },
    {
      "Word": "Lights Out",
      "ImageUrl": "https://image.tmdb.org/t/p/w300_and_h450_bestv2/nQsdGCVTEq78XwIgR6QUVxiNERI.jpg"
    },
    {
      "Word": "Night at the Museum: Secret of the Tomb",
      "ImageUrl": "https://image.tmdb.org/t/p/w300_and_h450_bestv2/6tKleiKS54focE4z0sdtLOIEgK8.jpg"
    },
    {
      "Word": "Up",
      "ImageUrl": "https://image.tmdb.org/t/p/w300_and_h450_bestv2/qMjbMPkSCc1K19zuXNM2BgIsIRz.jpg"
    },
    {
      "Word": "The Bourne Identity",
      "ImageUrl": "https://image.tmdb.org/t/p/w300_and_h450_bestv2/2Fr1vqBiDn8xRJM9elcplzHctTN.jpg"
    },
    {
      "Word": "Frozen",
      "ImageUrl": "https://image.tmdb.org/t/p/w300_and_h450_bestv2/cAhCDpAq80QCeQvHytY9JkBalpH.jpg"
    },
    {
      "Word": "Thor: The Dark World",
      "ImageUrl": "https://image.tmdb.org/t/p/w300_and_h450_bestv2/3FweBee0xZoY77uO1bhUOlQorNH.jpg"
    },
    {
      "Word": "The Wolf of Wall Street",
      "ImageUrl": "https://image.tmdb.org/t/p/w300_and_h450_bestv2/rP36Rx5RQh0rmH2ynEIaG8DxbV2.jpg"
    },
    {
      "Word": "Resident Evil",
      "ImageUrl": "https://image.tmdb.org/t/p/w300_and_h450_bestv2/s41Er80jGJf3tNkgYHxUCttjmwv.jpg"
    },
    {
      "Word": "Iron Man 3",
      "ImageUrl": "https://image.tmdb.org/t/p/w300_and_h450_bestv2/n9X2DKItL3V0yq1q1jrk8z5UAki.jpg"
    },
    {
      "Word": "Ice Age",
      "ImageUrl": "https://image.tmdb.org/t/p/w300_and_h450_bestv2/oDqbewoFuIEWA7UWurole6MzDGn.jpg"
    },
    {
      "Word": "Central Intelligence",
      "ImageUrl": "https://image.tmdb.org/t/p/w300_and_h450_bestv2/zaGmoSackrRF7w6NieQ0FWY0M7k.jpg"
    },
    {
      "Word": "The Mummy: Tomb of the Dragon Emperor",
      "ImageUrl": "https://image.tmdb.org/t/p/w300_and_h450_bestv2/caB8JFUigSHdGsdxOxaK4vZtOiN.jpg"
    },
    {
      "Word": "The Man from U.N.C.L.E.",
      "ImageUrl": "https://image.tmdb.org/t/p/w300_and_h450_bestv2/bKxcCNv2xq8M3GD5iSrv9bMGDVa.jpg"
    },
    {
      "Word": "Gravity",
      "ImageUrl": "https://image.tmdb.org/t/p/w300_and_h450_bestv2/9aoWzwOwy9NLuSk9LkBwwrBdPYM.jpg"
    },
    {
      "Word": "Ex Machina",
      "ImageUrl": "https://image.tmdb.org/t/p/w300_and_h450_bestv2/9X3cDZb4GYGQeOnZHLwMcCFz2Ro.jpg"
    },
    {
      "Word": "Harry Potter and the Goblet of Fire",
      "ImageUrl": "https://image.tmdb.org/t/p/w300_and_h450_bestv2/gzKW3emulMxIHzuXxZoyDB1lei9.jpg"
    },
    {
      "Word": "Man of Steel",
      "ImageUrl": "https://image.tmdb.org/t/p/w300_and_h450_bestv2/jYLh4mdOqkt30i7LTFs3o02UcGF.jpg"
    },
    {
      "Word": "Harry Potter and the Deathly Hallows: Part 1",
      "ImageUrl": "https://image.tmdb.org/t/p/w300_and_h450_bestv2/8YA36faYlkpfp6aozcGsqq68pZ9.jpg"
    },
    {
      "Word": "Iron Man 2",
      "ImageUrl": "https://image.tmdb.org/t/p/w300_and_h450_bestv2/jxdSxqAFrdioKgXwgTs5Qfbazjq.jpg"
    },
    {
      "Word": "The Angry Birds Movie",
      "ImageUrl": "https://image.tmdb.org/t/p/w300_and_h450_bestv2/3mJcfL2lPfRky16EPi95d2YrKqu.jpg"
    },
    {
      "Word": "Room",
      "ImageUrl": "https://image.tmdb.org/t/p/w300_and_h450_bestv2/tBhp8MGaiL3BXpPCSl5xY397sGH.jpg"
    },
    {
      "Word": "Ted 2",
      "ImageUrl": "https://image.tmdb.org/t/p/w300_and_h450_bestv2/nkwoiSVJLeK0NI8kTqioBna61bm.jpg"
    },
    {
      "Word": "Exodus: Gods and Kings",
      "ImageUrl": "https://image.tmdb.org/t/p/w300_and_h450_bestv2/hOOgtrByGgWfqGTTn5VL7jkLYXJ.jpg"
    },
    {
      "Word": "Terminator 2: Judgment Day",
      "ImageUrl": "https://image.tmdb.org/t/p/w300_and_h450_bestv2/d9AqtruwS8nljKjL5aYzM42hQJr.jpg"
    },
    {
      "Word": "Harry Potter and the Prisoner of Azkaban",
      "ImageUrl": "https://image.tmdb.org/t/p/w300_and_h450_bestv2/wWdlIBxn9xCmySxnSWtI2BjZZkF.jpg"
    },
    {
      "Word": "Genius",
      "ImageUrl": "https://image.tmdb.org/t/p/w300_and_h450_bestv2/5eovlgVfijObBm4TtW1QSaj32q3.jpg"
    },
    {
      "Word": "Inglourious Basterds",
      "ImageUrl": "https://image.tmdb.org/t/p/w300_and_h450_bestv2/bk0GylJLneaSbpQZXpgTwleYigq.jpg"
    },
    {
      "Word": "Hacksaw Ridge",
      "ImageUrl": "https://image.tmdb.org/t/p/w300_and_h450_bestv2/zBK4QZONMQXhcgaJv1YYTdCW7q9.jpg"
    },
    {
      "Word": "Trolls",
      "ImageUrl": "https://image.tmdb.org/t/p/w300_and_h450_bestv2/wc1JxADaBLuWhySkaawCBTpixCo.jpg"
    },
    {
      "Word": "The Shining",
      "ImageUrl": "https://image.tmdb.org/t/p/w300_and_h450_bestv2/h4DcDCOkQBENWBJZjNlPv3adQfM.jpg"
    },
    {
      "Word": "A Walk Among the Tombstones",
      "ImageUrl": "https://image.tmdb.org/t/p/w300_and_h450_bestv2/e56QsaJy1weAUukiK2ZmIGVUALF.jpg"
    },
    {
      "Word": "Dr. No",
      "ImageUrl": "https://image.tmdb.org/t/p/w300_and_h450_bestv2/bplDiT5JhaXf9S5arO8g5QsFtDi.jpg"
    },
    {
      "Word": "Mission: Impossible",
      "ImageUrl": "https://image.tmdb.org/t/p/w300_and_h450_bestv2/7CiZuIPCLvhhMICT2PONuwr2BMG.jpg"
    },
    {
      "Word": "The Purge: Anarchy",
      "ImageUrl": "https://image.tmdb.org/t/p/w300_and_h450_bestv2/1sOkQtqmBji7iquGfQlHOrFqplN.jpg"
    },
    {
      "Word": "Maze Runner: The Scorch Trials",
      "ImageUrl": "https://image.tmdb.org/t/p/w300_and_h450_bestv2/iapRFMGKvN9tsjqPlN7MIDTCezG.jpg"
    },
    {
      "Word": "Jupiter Ascending",
      "ImageUrl": "https://image.tmdb.org/t/p/w300_and_h450_bestv2/4liSXBZZdURI0c1Id1zLJo6Z3Gu.jpg"
    },
    {
      "Word": "Morgan",
      "ImageUrl": "https://image.tmdb.org/t/p/w300_and_h450_bestv2/g3XhTkjUxLbzVVa63vuopSNNZE8.jpg"
    },
    {
      "Word": "Se7en",
      "ImageUrl": "https://image.tmdb.org/t/p/w300_and_h450_bestv2/ba4CpvnaxvAgff2jHiaqJrVpZJ5.jpg"
    },
    {
      "Word": "Charlie and the Chocolate Factory",
      "ImageUrl": "https://image.tmdb.org/t/p/w300_and_h450_bestv2/mrRAx1OsNVEKJv0ktQprspieqnS.jpg"
    },
    {
      "Word": "Self/less",
      "ImageUrl": "https://image.tmdb.org/t/p/w300_and_h450_bestv2/fpKyGCOZJsYe2TAKLtziLe6EPj9.jpg"
    },
    {
      "Word": "The Prestige",
      "ImageUrl": "https://image.tmdb.org/t/p/w300_and_h450_bestv2/c5o7FN2vzI7xlU6IF1y64mgcH9E.jpg"
    },
    {
      "Word": "The Departed",
      "ImageUrl": "https://image.tmdb.org/t/p/w300_and_h450_bestv2/8Od5zV7Q7zNOX0y9tyNgpTmoiGA.jpg"
    },
    {
      "Word": "Monsters, Inc.",
      "ImageUrl": "https://image.tmdb.org/t/p/w300_and_h450_bestv2/eKBUYeSgGVvztO2MZxD5YMcz6kv.jpg"
    },
    {
      "Word": "Raiders of the Lost Ark",
      "ImageUrl": "https://image.tmdb.org/t/p/w300_and_h450_bestv2/dU1CArBM4YsKLfG8YvhtuTJJaGR.jpg"
    },
    {
      "Word": "The Terminator",
      "ImageUrl": "https://image.tmdb.org/t/p/w300_and_h450_bestv2/6yFoLNQgFdVbA8TZMdfgVpszOla.jpg"
    },
    {
      "Word": "The Mummy Returns",
      "ImageUrl": "https://image.tmdb.org/t/p/w300_and_h450_bestv2/22SUPrwoHNbMjZci1kRvBmCqrek.jpg"
    },
    {
      "Word": "Pan",
      "ImageUrl": "https://image.tmdb.org/t/p/w300_and_h450_bestv2/6Ym6bgfhvpgQS5Sg8kKnfW1hX7P.jpg"
    },
    {
      "Word": "Fifty Shades of Grey",
      "ImageUrl": "https://image.tmdb.org/t/p/w300_and_h450_bestv2/zw3fM9KYYhYGsIQUJOyQNbeZSnn.jpg"
    },
    {
      "Word": "Casino Royale",
      "ImageUrl": "https://image.tmdb.org/t/p/w300_and_h450_bestv2/xq6hXdBpDPIXWjtmvbFmtLvBFJt.jpg"
    },
    {
      "Word": "Free State of Jones",
      "ImageUrl": "https://image.tmdb.org/t/p/w300_and_h450_bestv2/zgo0s1fmBCWUweNrCVIK1dZEOJ6.jpg"
    },
    {
      "Word": "Despicable Me",
      "ImageUrl": "https://image.tmdb.org/t/p/w300_and_h450_bestv2/yo1ef57MEPkEE4BDZKTZGH9uDcX.jpg"
    },
    {
      "Word": "Creed",
      "ImageUrl": "https://image.tmdb.org/t/p/w300_and_h450_bestv2/nF4kmc4gDRQU4OJiJgk6sZtbJbl.jpg"
    },
    {
      "Word": "Seventh Son",
      "ImageUrl": "https://image.tmdb.org/t/p/w300_and_h450_bestv2/lNnrr7OR7dkqfgIyju8nUJHcf8x.jpg"
    },
    {
      "Word": "The Hunger Games",
      "ImageUrl": "https://image.tmdb.org/t/p/w300_and_h450_bestv2/1LTLrl06uII4w2BTpnQnmWwrKi.jpg"
    },
    {
      "Word": "Saving Private Ryan",
      "ImageUrl": "https://image.tmdb.org/t/p/w300_and_h450_bestv2/gRtLcCQOpYUI9ThdVzi4VUP8QO3.jpg"
    },
    {
      "Word": "Harry Potter and the Deathly Hallows: Part 2",
      "ImageUrl": "https://image.tmdb.org/t/p/w300_and_h450_bestv2/6n0DAcyjTHS6888mt8U9ZsLy9nR.jpg"
    },
    {
      "Word": "12 Years a Slave",
      "ImageUrl": "https://image.tmdb.org/t/p/w300_and_h450_bestv2/xnRPoFI7wzOYviw3PmoG94X2Lnc.jpg"
    },
    {
      "Word": "Dracula Untold",
      "ImageUrl": "https://image.tmdb.org/t/p/w300_and_h450_bestv2/6UPlIYKxZqUR6Xbpgu1JKG0J7UC.jpg"
    }
  ],
  "Things": [
    {
      "Word": "apple",
      "ImageUrl": "https://www.randomlists.com/img/things/apple.jpg.jpg"
    },
    {
      "Word": "bag",
      "ImageUrl": "https://www.randomlists.com/img/things/bag.jpg.jpg"
    },
    {
      "Word": "balloon",
      "ImageUrl": "https://www.randomlists.com/img/things/balloon.jpg.jpg"
    },
    {
      "Word": "bananas",
      "ImageUrl": "https://www.randomlists.com/img/things/bananas.jpg.jpg"
    },
    {
      "Word": "bed",
      "ImageUrl": "https://www.randomlists.com/img/things/bed.jpg.jpg"
    },
    {
      "Word": "beef",
      "ImageUrl": "https://www.randomlists.com/img/things/beef.jpg.jpg"
    },
    {
      "Word": "blouse",
      "ImageUrl": "https://www.randomlists.com/img/things/blouse.jpg.jpg"
    },
    {
      "Word": "book",
      "ImageUrl": "https://www.randomlists.com/img/things/book.jpg.jpg"
    },
    {
      "Word": "bookmark",
      "ImageUrl": "https://www.randomlists.com/img/things/bookmark.jpg.jpg"
    },
    {
      "Word": "boom box",
      "ImageUrl": "https://www.randomlists.com/img/things/boom_box.jpg.jpg"
    },
    {
      "Word": "bottle",
      "ImageUrl": "https://www.randomlists.com/img/things/bottle.jpg.jpg"
    },
    {
      "Word": "bottle cap",
      "ImageUrl": "https://www.randomlists.com/img/things/bottle_cap.jpg"
    },
    {
      "Word": "bow",
      "ImageUrl": "https://www.randomlists.com/img/things/bow.jpg"
    },
    {
      "Word": "bowl",
      "ImageUrl": "https://www.randomlists.com/img/things/bowl.jpg"
    },
    {
      "Word": "box",
      "ImageUrl": "https://www.randomlists.com/img/things/box.jpg"
    },
    {
      "Word": "bracelet",
      "ImageUrl": "https://www.randomlists.com/img/things/bracelet.jpg"
    },
    {
      "Word": "bread",
      "ImageUrl": "https://www.randomlists.com/img/things/bread.jpg"
    },
    {
      "Word": "brocolli",
      "ImageUrl": "https://www.randomlists.com/img/things/brocolli.jpg"
    },
    {
      "Word": "hair brush",
      "ImageUrl": "https://www.randomlists.com/img/things/hair_brush.jpg"
    },
    {
      "Word": "buckel",
      "ImageUrl": "https://www.randomlists.com/img/things/buckel.jpg"
    },
    {
      "Word": "button",
      "ImageUrl": "https://www.randomlists.com/img/things/button.jpg"
    },
    {
      "Word": "camera",
      "ImageUrl": "https://www.randomlists.com/img/things/camera.jpg"
    },
    {
      "Word": "candle",
      "ImageUrl": "https://www.randomlists.com/img/things/candle.jpg"
    },
    {
      "Word": "candy wrapper",
      "ImageUrl": "https://www.randomlists.com/img/things/candy_wrapper.jpg"
    },
    {
      "Word": "canvas",
      "ImageUrl": "https://www.randomlists.com/img/things/canvas.jpg"
    },
    {
      "Word": "car",
      "ImageUrl": "https://www.randomlists.com/img/things/car.jpg"
    },
    {
      "Word": "greeting card",
      "ImageUrl": "https://www.randomlists.com/img/things/greeting_card.jpg"
    },
    {
      "Word": "playing card",
      "ImageUrl": "https://www.randomlists.com/img/things/playing_card.jpg"
    },
    {
      "Word": "carrots",
      "ImageUrl": "https://www.randomlists.com/img/things/carrots.jpg"
    },
    {
      "Word": "cat",
      "ImageUrl": "https://www.randomlists.com/img/things/cat.jpg"
    },
    {
      "Word": "CD",
      "ImageUrl": "https://www.randomlists.com/img/things/CD.jpg"
    },
    {
      "Word": "cell phone",
      "ImageUrl": "https://www.randomlists.com/img/things/cell_phone.jpg"
    },
    {
      "Word": "packing peanuts",
      "ImageUrl": "https://www.randomlists.com/img/things/packing_peanuts.jpg"
    },
    {
      "Word": "cinder block",
      "ImageUrl": "https://www.randomlists.com/img/things/cinder_block.jpg"
    },
    {
      "Word": "chair",
      "ImageUrl": "https://www.randomlists.com/img/things/chair.jpg"
    },
    {
      "Word": "chalk",
      "ImageUrl": "https://www.randomlists.com/img/things/chalk.jpg"
    },
    {
      "Word": "newspaper",
      "ImageUrl": "https://www.randomlists.com/img/things/newspaper.jpg"
    },
    {
      "Word": "soy sauce packet",
      "ImageUrl": "https://www.randomlists.com/img/things/soy_sauce_packet.jpg"
    },
    {
      "Word": "chapter book",
      "ImageUrl": "https://www.randomlists.com/img/things/chapter_book.jpg"
    },
    {
      "Word": "checkbook",
      "ImageUrl": "https://www.randomlists.com/img/things/checkbook.jpg"
    },
    {
      "Word": "chocolate",
      "ImageUrl": "https://www.randomlists.com/img/things/chocolate.jpg"
    },
    {
      "Word": "clay pot",
      "ImageUrl": "https://www.randomlists.com/img/things/clay_pot.jpg"
    },
    {
      "Word": "clock",
      "ImageUrl": "https://www.randomlists.com/img/things/clock.jpg"
    },
    {
      "Word": "clothes",
      "ImageUrl": "https://www.randomlists.com/img/things/clothes.jpg"
    },
    {
      "Word": "computer",
      "ImageUrl": "https://www.randomlists.com/img/things/computer.jpg"
    },
    {
      "Word": "conditioner",
      "ImageUrl": "https://www.randomlists.com/img/things/conditioner.jpg"
    },
    {
      "Word": "cookie jar",
      "ImageUrl": "https://www.randomlists.com/img/things/cookie_jar.jpg"
    },
    {
      "Word": "cork",
      "ImageUrl": "https://www.randomlists.com/img/things/cork.jpg"
    },
    {
      "Word": "couch",
      "ImageUrl": "https://www.randomlists.com/img/things/couch.jpg"
    },
    {
      "Word": "credit card",
      "ImageUrl": "https://www.randomlists.com/img/things/credit_card.jpg"
    },
    {
      "Word": "cup",
      "ImageUrl": "https://www.randomlists.com/img/things/cup.jpg"
    },
    {
      "Word": "deodorant ",
      "ImageUrl": "https://www.randomlists.com/img/things/deodorant_.jpg"
    },
    {
      "Word": "desk",
      "ImageUrl": "https://www.randomlists.com/img/things/desk.jpg"
    },
    {
      "Word": "door",
      "ImageUrl": "https://www.randomlists.com/img/things/door.jpg"
    },
    {
      "Word": "drawer",
      "ImageUrl": "https://www.randomlists.com/img/things/drawer.jpg"
    },
    {
      "Word": "drill press",
      "ImageUrl": "https://www.randomlists.com/img/things/drill_press.jpg"
    },
    {
      "Word": "eraser",
      "ImageUrl": "https://www.randomlists.com/img/things/earser.jpg"
    },
    {
      "Word": "eye liner",
      "ImageUrl": "https://www.randomlists.com/img/things/eye_liner.jpg"
    },
    {
      "Word": "face wash",
      "ImageUrl": "https://www.randomlists.com/img/things/face_wash.jpg"
    },
    {
      "Word": "fake flowers",
      "ImageUrl": "https://www.randomlists.com/img/things/fake_flowers.jpg"
    },
    {
      "Word": "flag",
      "ImageUrl": "https://www.randomlists.com/img/things/flag.jpg"
    },
    {
      "Word": "floor",
      "ImageUrl": "https://www.randomlists.com/img/things/floor.jpg"
    },
    {
      "Word": "flowers",
      "ImageUrl": "https://www.randomlists.com/img/things/flowers.jpg"
    },
    {
      "Word": "food",
      "ImageUrl": "https://www.randomlists.com/img/things/food.jpg"
    },
    {
      "Word": "fork",
      "ImageUrl": "https://www.randomlists.com/img/things/fork.jpg"
    },
    {
      "Word": "fridge",
      "ImageUrl": "https://www.randomlists.com/img/things/fridge.jpg"
    },
    {
      "Word": "glass",
      "ImageUrl": "https://www.randomlists.com/img/things/glass.jpg"
    },
    {
      "Word": "glasses",
      "ImageUrl": "https://www.randomlists.com/img/things/glasses.jpg"
    },
    {
      "Word": "glow stick",
      "ImageUrl": "https://www.randomlists.com/img/things/glow_stick.jpg"
    },
    {
      "Word": "grid paper",
      "ImageUrl": "https://www.randomlists.com/img/things/grid_paper.jpg"
    },
    {
      "Word": "hair tie",
      "ImageUrl": "https://www.randomlists.com/img/things/hair_tie.jpg"
    },
    {
      "Word": "hanger",
      "ImageUrl": "https://www.randomlists.com/img/things/hanger.jpg"
    },
    {
      "Word": "helmet",
      "ImageUrl": "https://www.randomlists.com/img/things/helmet.jpg"
    },
    {
      "Word": "house",
      "ImageUrl": "https://www.randomlists.com/img/things/house.jpg"
    },
    {
      "Word": "ipod",
      "ImageUrl": "https://www.randomlists.com/img/things/ipod.jpg"
    },
    {
      "Word": "charger",
      "ImageUrl": "https://www.randomlists.com/img/things/charger.jpg"
    },
    {
      "Word": "key chain",
      "ImageUrl": "https://www.randomlists.com/img/things/key_chain.jpg"
    },
    {
      "Word": "keyboard",
      "ImageUrl": "https://www.randomlists.com/img/things/keyboard.jpg"
    },
    {
      "Word": "keys",
      "ImageUrl": "https://www.randomlists.com/img/things/keys.jpg"
    },
    {
      "Word": "knife",
      "ImageUrl": "https://www.randomlists.com/img/things/knife.jpg"
    },
    {
      "Word": "lace",
      "ImageUrl": "https://www.randomlists.com/img/things/lace.jpg"
    },
    {
      "Word": "lamp",
      "ImageUrl": "https://www.randomlists.com/img/things/lamp.jpg"
    },
    {
      "Word": "lamp shade",
      "ImageUrl": "https://www.randomlists.com/img/things/lamp_shade.jpg"
    },
    {
      "Word": "leg warmers",
      "ImageUrl": "https://www.randomlists.com/img/things/leg_warmers.jpg"
    },
    {
      "Word": "lip gloss",
      "ImageUrl": "https://www.randomlists.com/img/things/lip_gloss.jpg"
    },
    {
      "Word": "lotion",
      "ImageUrl": "https://www.randomlists.com/img/things/lotion.jpg"
    },
    {
      "Word": "milk",
      "ImageUrl": "https://www.randomlists.com/img/things/milk.jpg"
    },
    {
      "Word": "mirror",
      "ImageUrl": "https://www.randomlists.com/img/things/mirror.jpg"
    },
    {
      "Word": "model car",
      "ImageUrl": "https://www.randomlists.com/img/things/model_car.jpg"
    },
    {
      "Word": "money",
      "ImageUrl": "https://www.randomlists.com/img/things/money.jpg"
    },
    {
      "Word": "monitor",
      "ImageUrl": "https://www.randomlists.com/img/things/monitor.jpg"
    },
    {
      "Word": "mop",
      "ImageUrl": "https://www.randomlists.com/img/things/mop.jpg"
    },
    {
      "Word": "mouse pad",
      "ImageUrl": "https://www.randomlists.com/img/things/mouse_pad.jpg"
    },
    {
      "Word": "mp3 player",
      "ImageUrl": "https://www.randomlists.com/img/things/mp3_player.jpg"
    },
    {
      "Word": "nail clippers",
      "ImageUrl": "https://www.randomlists.com/img/things/nail_clippers.jpg"
    },
    {
      "Word": "nail file",
      "ImageUrl": "https://www.randomlists.com/img/things/nail_file.jpg"
    },
    {
      "Word": "needle",
      "ImageUrl": "https://www.randomlists.com/img/things/needle.jpg"
    },
    {
      "Word": "outlet",
      "ImageUrl": "https://www.randomlists.com/img/things/outlet.jpg"
    },
    {
      "Word": "paint brush",
      "ImageUrl": "https://www.randomlists.com/img/things/paint_brush.jpg"
    },
    {
      "Word": "pants",
      "ImageUrl": "https://www.randomlists.com/img/things/pants.jpg"
    },
    {
      "Word": "paper",
      "ImageUrl": "https://www.randomlists.com/img/things/paper.jpg"
    },
    {
      "Word": "pen",
      "ImageUrl": "https://www.randomlists.com/img/things/pen.jpg"
    },
    {
      "Word": "pencil",
      "ImageUrl": "https://www.randomlists.com/img/things/pencil.jpg"
    },
    {
      "Word": "perfume",
      "ImageUrl": "https://www.randomlists.com/img/things/perfume.jpg"
    },
    {
      "Word": "phone",
      "ImageUrl": "https://www.randomlists.com/img/things/phone.jpg"
    },
    {
      "Word": "photo album",
      "ImageUrl": "https://www.randomlists.com/img/things/photo_album.jpg"
    },
    {
      "Word": "picture frame",
      "ImageUrl": "https://www.randomlists.com/img/things/picture_frame.jpg"
    },
    {
      "Word": "pillow",
      "ImageUrl": "https://www.randomlists.com/img/things/pillow.jpg"
    },
    {
      "Word": "plastic fork",
      "ImageUrl": "https://www.randomlists.com/img/things/plastic_fork.jpg"
    },
    {
      "Word": "plate",
      "ImageUrl": "https://www.randomlists.com/img/things/plate.jpg"
    },
    {
      "Word": "pool stick",
      "ImageUrl": "https://www.randomlists.com/img/things/pool_stick.jpg"
    },
    {
      "Word": "soda can",
      "ImageUrl": "https://www.randomlists.com/img/things/soda_can.jpg"
    },
    {
      "Word": "puddle",
      "ImageUrl": "https://www.randomlists.com/img/things/puddle.jpg"
    },
    {
      "Word": "purse",
      "ImageUrl": "https://www.randomlists.com/img/things/purse.jpg"
    },
    {
      "Word": "blanket",
      "ImageUrl": "https://www.randomlists.com/img/things/blanket.jpg"
    },
    {
      "Word": "radio",
      "ImageUrl": "https://www.randomlists.com/img/things/radio.jpg"
    },
    {
      "Word": "remote",
      "ImageUrl": "https://www.randomlists.com/img/things/remote.jpg"
    },
    {
      "Word": "ring",
      "ImageUrl": "https://www.randomlists.com/img/things/ring.jpg"
    },
    {
      "Word": "rubber band",
      "ImageUrl": "https://www.randomlists.com/img/things/rubber_band.jpg"
    },
    {
      "Word": "rubber duck",
      "ImageUrl": "https://www.randomlists.com/img/things/rubber_duck.jpg"
    },
    {
      "Word": "rug",
      "ImageUrl": "https://www.randomlists.com/img/things/rug.jpg"
    },
    {
      "Word": "rusty nail",
      "ImageUrl": "https://www.randomlists.com/img/things/rusty_nail.jpg"
    },
    {
      "Word": "sailboat",
      "ImageUrl": "https://www.randomlists.com/img/things/sailboat.jpg"
    },
    {
      "Word": "sand paper",
      "ImageUrl": "https://www.randomlists.com/img/things/sand_paper.jpg"
    },
    {
      "Word": "sandal",
      "ImageUrl": "https://www.randomlists.com/img/things/sandal.jpg"
    },
    {
      "Word": "scotch tape",
      "ImageUrl": "https://www.randomlists.com/img/things/scotch_tape.jpg"
    },
    {
      "Word": "screw",
      "ImageUrl": "https://www.randomlists.com/img/things/screw.jpg"
    },
    {
      "Word": "seat belt",
      "ImageUrl": "https://www.randomlists.com/img/things/seat_belt.jpg"
    },
    {
      "Word": "shampoo",
      "ImageUrl": "https://www.randomlists.com/img/things/shampoo.jpg"
    },
    {
      "Word": "sharpie",
      "ImageUrl": "https://www.randomlists.com/img/things/sharpie.jpg"
    },
    {
      "Word": "shawl",
      "ImageUrl": "https://www.randomlists.com/img/things/shawl.jpg"
    },
    {
      "Word": "shirt",
      "ImageUrl": "https://www.randomlists.com/img/things/shirt.jpg"
    },
    {
      "Word": "shoe lace",
      "ImageUrl": "https://www.randomlists.com/img/things/shoe_lace.jpg"
    },
    {
      "Word": "shoes",
      "ImageUrl": "https://www.randomlists.com/img/things/shoes.jpg"
    },
    {
      "Word": "shovel",
      "ImageUrl": "https://www.randomlists.com/img/things/shovel.jpg"
    },
    {
      "Word": "sidewalk",
      "ImageUrl": "https://www.randomlists.com/img/things/sidewalk.jpg"
    },
    {
      "Word": "sketch pad",
      "ImageUrl": "https://www.randomlists.com/img/things/sketch_pad.jpg"
    },
    {
      "Word": "slipper",
      "ImageUrl": "https://www.randomlists.com/img/things/slipper.jpg"
    },
    {
      "Word": "soap",
      "ImageUrl": "https://www.randomlists.com/img/things/soap.jpg"
    },
    {
      "Word": "socks",
      "ImageUrl": "https://www.randomlists.com/img/things/socks.jpg"
    },
    {
      "Word": "sofa",
      "ImageUrl": "https://www.randomlists.com/img/things/sofa.jpg"
    },
    {
      "Word": "speakers",
      "ImageUrl": "https://www.randomlists.com/img/things/speakers.jpg"
    },
    {
      "Word": "sponge",
      "ImageUrl": "https://www.randomlists.com/img/things/sponge.jpg"
    },
    {
      "Word": "spoon",
      "ImageUrl": "https://www.randomlists.com/img/things/spoon.jpg"
    },
    {
      "Word": "spring",
      "ImageUrl": "https://www.randomlists.com/img/things/spring.jpg"
    },
    {
      "Word": "sticky note",
      "ImageUrl": "https://www.randomlists.com/img/things/sticky_note.jpg"
    },
    {
      "Word": "stockings",
      "ImageUrl": "https://www.randomlists.com/img/things/stockings.jpg"
    },
    {
      "Word": "stop sign",
      "ImageUrl": "https://www.randomlists.com/img/things/stop_sign.jpg"
    },
    {
      "Word": "street lights",
      "ImageUrl": "https://www.randomlists.com/img/things/street_lights.jpg"
    },
    {
      "Word": "sun glasses",
      "ImageUrl": "https://www.randomlists.com/img/things/sun_glasses.jpg"
    },
    {
      "Word": "table",
      "ImageUrl": "https://www.randomlists.com/img/things/table.jpg"
    },
    {
      "Word": "teddies",
      "ImageUrl": "https://www.randomlists.com/img/things/teddies.jpg"
    },
    {
      "Word": "television",
      "ImageUrl": "https://www.randomlists.com/img/things/television.jpg"
    },
    {
      "Word": "thermometer",
      "ImageUrl": "https://www.randomlists.com/img/things/thermometer.jpg"
    },
    {
      "Word": "thread",
      "ImageUrl": "https://www.randomlists.com/img/things/thread.jpg"
    },
    {
      "Word": "tire swing",
      "ImageUrl": "https://www.randomlists.com/img/things/tire_swing.jpg"
    },
    {
      "Word": "tissue box",
      "ImageUrl": "https://www.randomlists.com/img/things/tissue_box.jpg"
    },
    {
      "Word": "toe ring",
      "ImageUrl": "https://www.randomlists.com/img/things/toe_ring.jpg"
    },
    {
      "Word": "toilet",
      "ImageUrl": "https://www.randomlists.com/img/things/toilet.jpg"
    },
    {
      "Word": "tomato",
      "ImageUrl": "https://www.randomlists.com/img/things/tomato.jpg"
    },
    {
      "Word": "tooth picks",
      "ImageUrl": "https://www.randomlists.com/img/things/tooth_picks.jpg"
    },
    {
      "Word": "toothbrush",
      "ImageUrl": "https://www.randomlists.com/img/things/toothbrush.jpg"
    },
    {
      "Word": "toothpaste",
      "ImageUrl": "https://www.randomlists.com/img/things/toothpaste.jpg"
    },
    {
      "Word": "towel",
      "ImageUrl": "https://www.randomlists.com/img/things/towel.jpg"
    },
    {
      "Word": "tree",
      "ImageUrl": "https://www.randomlists.com/img/things/tree.jpg"
    },
    {
      "Word": "truck",
      "ImageUrl": "https://www.randomlists.com/img/things/truck.jpg"
    },
    {
      "Word": "tv",
      "ImageUrl": "https://www.randomlists.com/img/things/tv.jpg"
    },
    {
      "Word": "twezzers",
      "ImageUrl": "https://www.randomlists.com/img/things/twezzers.jpg"
    },
    {
      "Word": "twister",
      "ImageUrl": "https://www.randomlists.com/img/things/twister.jpg"
    },
    {
      "Word": "vase",
      "ImageUrl": "https://www.randomlists.com/img/things/vase.jpg"
    },
    {
      "Word": "video games",
      "ImageUrl": "https://www.randomlists.com/img/things/video_games.jpg"
    },
    {
      "Word": "wallet",
      "ImageUrl": "https://www.randomlists.com/img/things/wallet.jpg"
    },
    {
      "Word": "washing machine",
      "ImageUrl": "https://www.randomlists.com/img/things/washing_machine.jpg"
    },
    {
      "Word": "watch",
      "ImageUrl": "https://www.randomlists.com/img/things/watch.jpg"
    },
    {
      "Word": "water bottle",
      "ImageUrl": "https://www.randomlists.com/img/things/water_bottle.jpg"
    },
    {
      "Word": "doll",
      "ImageUrl": "https://www.randomlists.com/img/things/doll.jpg"
    },
    {
      "Word": "magnet",
      "ImageUrl": "https://www.randomlists.com/img/things/magnet.jpg"
    },
    {
      "Word": "wagon",
      "ImageUrl": "https://www.randomlists.com/img/things/wagon.jpg"
    },
    {
      "Word": "headphones",
      "ImageUrl": "https://www.randomlists.com/img/things/headphones.jpg"
    },
    {
      "Word": "clamp",
      "ImageUrl": "https://www.randomlists.com/img/things/clamp.jpg"
    },
    {
      "Word": "USB drive",
      "ImageUrl": "https://www.randomlists.com/img/things/USB_drive.jpg"
    },
    {
      "Word": "air freshener",
      "ImageUrl": "https://www.randomlists.com/img/things/air_freshener.jpg"
    },
    {
      "Word": "piano",
      "ImageUrl": "https://www.randomlists.com/img/things/piano.jpg"
    },
    {
      "Word": "ice cube tray",
      "ImageUrl": "https://www.randomlists.com/img/things/ice_cube_tray.jpg"
    },
    {
      "Word": "white out",
      "ImageUrl": "https://www.randomlists.com/img/things/white_out.jpg"
    },
    {
      "Word": "window",
      "ImageUrl": "https://www.randomlists.com/img/things/window.jpg"
    },
    {
      "Word": "controller",
      "ImageUrl": "https://www.randomlists.com/img/things/controller.jpg"
    },
    {
      "Word": "coasters",
      "ImageUrl": "https://www.randomlists.com/img/things/coasters.jpg"
    },
    {
      "Word": "thermostat",
      "ImageUrl": "https://www.randomlists.com/img/things/thermostat.jpg"
    },
    {
      "Word": "zipper",
      "ImageUrl": "https://www.randomlists.com/img/things/zipper.jpg"
    }
  ]
}
